1,1001,Autauga,54571,594.436
1,1003,Baldwin,182265,1589.784
1,1005,Barbour,27457,884.876
1,1007,Bibb,22915,622.582
1,1009,Blount,57322,644.776
1,1011,Bullock,10914,622.805
1,1013,Butler,20947,776.829
1,1015,Calhoun,118572,605.868
1,1017,Chambers,34215,596.531
1,1019,Cherokee,25989,553.7
1,1021,Chilton,43643,692.854
1,1023,Choctaw,13859,913.5
1,1025,Clarke,25833,1238.465
1,1027,Clay,13932,603.961
1,1029,Cleburne,14972,560.1
1,1031,Coffee,49948,678.972
1,1033,Colbert,54428,592.619
1,1035,Conecuh,13228,850.156
1,1037,Coosa,11539,650.926
1,1039,Covington,37765,1030.456
1,1041,Crenshaw,13906,608.84
1,1043,Cullman,80406,734.841
1,1045,Dale,50251,561.15
1,1047,Dallas,43820,978.695
1,1049,DeKalb,71109,777.093
1,1051,Elmore,79303,618.485
1,1053,Escambia,38319,945.08
1,1055,Etowah,104430,534.991
1,1057,Fayette,17241,627.66
1,1059,Franklin,31704,633.821
1,1061,Geneva,26790,574.408
1,1063,Greene,9045,647.11
1,1065,Hale,15760,643.943
1,1067,Henry,17302,561.75
1,1069,Houston,101547,579.824
1,1071,Jackson,53227,1077.868
1,1073,Jefferson,658466,1111.276
1,1075,Lamar,14564,604.846
1,1077,Lauderdale,92709,667.697
1,1079,Lawrence,34339,690.678
1,1081,Lee,140247,607.536
1,1083,Limestone,82782,559.936
1,1085,Lowndes,11299,715.911
1,1087,Macon,21452,608.885
1,1089,Madison,334811,801.593
1,1091,Marengo,21027,976.882
1,1093,Marion,30776,742.292
1,1095,Marshall,93019,565.842
1,1097,Mobile,412992,1229.435
1,1099,Monroe,23068,1025.675
1,1101,Montgomery,229363,784.247
1,1103,Morgan,119490,579.337
1,1105,Perry,10591,719.664
1,1107,Pickens,19746,881.408
1,1109,Pike,32899,672.094
1,1111,Randolph,22913,580.55
1,1113,Russell,52947,641.14
1,1115,StClair,83593,631.902
1,1117,Shelby,195085,784.93
1,1119,Sumter,13763,903.887
1,1121,Talladega,82291,736.775
1,1123,Tallapoosa,41616,716.521
1,1125,Tuscaloosa,194656,1321.755
1,1127,Walker,67023,791.192
1,1129,Washington,17581,1080.207
1,1131,Wilcox,11670,888.498
1,1133,Winston,24484,612.979
2,2013,AleutiansEast,3141,6981.943
2,2016,AleutiansWest,5561,4390.276
2,2020,AnchorageMunicipality,291826,1704.683
2,2050,Bethel,17013,40570.004
2,2060,BristolBay,997,503.843
2,2068,Denali,1826,12751.411
2,2070,Dillingham,4847,18568.778
2,2090,FairbanksNorthStar,97581,7338.209
2,2100,Haines,2508,2318.6
2,2105,HoonahAngoon,2150,7524.915
2,2110,JuneauCity,31275,2701.931
2,2122,KenaiPeninsula,55400,16075.331
2,2130,KetchikanGateway,13477,4858.414
2,2150,KodiakIsland,13592,6549.579
2,2164,LakeandPeninsula,1631,23652.009
2,2170,MatanuskaSusitna,88995,24607.898
2,2180,Nome,9492,22961.761
2,2185,NorthSlope,9430,88695.413
2,2188,NorthwestArctic,7523,35572.584
2,2195,Petersburg,3815,3281.982
2,2198,PrinceofWalesHyder,5559,3922.873
2,2220,SitkaCity,8881,2870.339
2,2230,SkagwayMunicipality,968,452.325
2,2240,SoutheastFairbanks,7029,24768.808
2,2261,ValdezCordova,9636,34239.88
2,2270,WadeHampton,7459,17081.433
2,2275,WrangellCity,2369,2541.483
2,2282,YakutatCity,662,7649.457
2,2290,YukonKoyukuk,5588,145504.789
4,4001,Apache,71518,11197.521
4,4003,Cochise,131346,6165.69
4,4005,Coconino,134421,18618.885
4,4007,Gila,53597,4757.933
4,4009,Graham,37220,4622.597
4,4011,Greenlee,8437,1843.126
4,4012,LaPaz,20489,4499.629
4,4013,Maricopa,3817117,9200.143
4,4015,Mohave,200186,13311.084
4,4017,Navajo,107449,9950.422
4,4019,Pima,980263,9187.036
4,4021,Pinal,375770,5365.612
4,4023,SantaCruz,47420,1236.916
4,4025,Yavapai,211033,8123.499
4,4027,Yuma,195751,5513.992
5,5001,Arkansas,19019,988.77
5,5003,Ashley,21853,925.349
5,5005,Baxter,41513,554.283
5,5007,Benton,221339,847.357
5,5009,Boone,36903,590.231
5,5011,Bradley,11508,649.231
5,5013,Calhoun,5368,628.581
5,5015,Carroll,27446,630.087
5,5017,Chicot,11800,644.304
5,5019,Clark,22995,866.074
5,5021,Clay,16083,639.465
5,5023,Cleburne,25970,553.692
5,5025,Cleveland,8689,597.783
5,5027,Columbia,24552,766.053
5,5029,Conway,21273,552.25
5,5031,Craighead,96443,707.206
5,5033,Crawford,61948,593.094
5,5035,Crittenden,50902,609.76
5,5037,Cross,17870,616.381
5,5039,Dallas,8116,667.386
5,5041,Desha,13008,768.152
5,5043,Drew,18509,828.356
5,5045,Faulkner,113237,647.884
5,5047,Franklin,18125,608.857
5,5049,Fulton,12245,618.194
5,5051,Garland,96024,677.781
5,5053,Grant,17853,631.809
5,5055,Greene,42090,577.699
5,5057,Hempstead,22609,727.52
5,5059,HotSpring,32923,615.202
5,5061,Howard,13789,588.554
5,5063,Independence,36647,763.953
5,5065,Izard,13696,580.577
5,5067,Jackson,17997,633.938
5,5069,Jefferson,77435,870.746
5,5071,Johnson,25540,659.804
5,5073,Lafayette,7645,528.268
5,5075,Lawrence,17415,587.614
5,5077,Lee,10424,602.621
5,5079,Lincoln,14134,561.517
5,5081,LittleRiver,13171,532.253
5,5083,Logan,22353,708.125
5,5085,Lonoke,68356,770.728
5,5087,Madison,15717,834.255
5,5089,Marion,16653,597.009
5,5091,Miller,43462,625.578
5,5093,Mississippi,46480,900.574
5,5095,Monroe,8149,607.122
5,5097,Montgomery,9487,779.88
5,5099,Nevada,8997,617.837
5,5101,Newton,8330,820.896
5,5103,Ouachita,26120,732.783
5,5105,Perry,10445,551.402
5,5107,Phillips,21757,695.663
5,5109,Pike,11291,600.618
5,5111,Poinsett,24583,758.389
5,5113,Polk,20662,857.679
5,5115,Pope,61754,812.548
5,5117,Prairie,8715,647.958
5,5119,Pulaski,382748,759.763
5,5121,Randolph,17969,652.191
5,5123,StFrancis,28258,634.771
5,5125,Saline,107118,723.604
5,5127,Scott,11233,892.32
5,5129,Searcy,8195,666.095
5,5131,Sebastian,125744,531.911
5,5133,Sevier,17058,565.126
5,5135,Sharp,17264,604.439
5,5137,Stone,12394,606.405
5,5139,Union,41639,1039.214
5,5141,VanBuren,17295,708.143
5,5143,Washington,203065,941.966
5,5145,White,77076,1035.075
5,5147,Woodruff,7260,586.791
5,5149,Yell,22185,929.984
6,6001,Alameda,1510271,739.017
6,6003,Alpine,1175,738.332
6,6005,Amador,38091,594.583
6,6007,Butte,220000,1636.464
6,6009,Calaveras,45578,1020.012
6,6011,Colusa,21419,1150.731
6,6013,ContraCosta,1049025,715.937
6,6015,DelNorte,28610,1006.373
6,6017,ElDorado,181058,1707.883
6,6019,Fresno,930450,5957.991
6,6021,Glenn,28122,1313.947
6,6023,Humboldt,134623,3567.987
6,6025,Imperial,174528,4176.603
6,6027,Inyo,18546,10180.879
6,6029,Kern,839631,8131.916
6,6031,Kings,152982,1389.42
6,6033,Lake,64665,1256.464
6,6035,Lassen,34895,4541.184
6,6037,LosAngeles,9818605,4057.884
6,6039,Madera,150865,2137.069
6,6041,Marin,252409,520.306
6,6043,Mariposa,18251,1448.816
6,6045,Mendocino,87841,3506.343
6,6047,Merced,255793,1934.972
6,6049,Modoc,9686,3917.77
6,6051,Mono,14202,3048.982
6,6053,Monterey,415057,3280.595
6,6055,Napa,136484,748.362
6,6057,Nevada,98764,957.772
6,6059,Orange,3010232,790.568
6,6061,Placer,348432,1407.009
6,6063,Plumas,20007,2553.043
6,6065,Riverside,2189641,7206.48
6,6067,Sacramento,1418788,964.644
6,6069,SanBenito,55269,1388.71
6,6071,SanBernardino,2035210,20056.938
6,6073,SanDiego,3095313,4206.63
6,6075,SanFrancisco,805235,46.873
6,6077,SanJoaquin,685306,1391.322
6,6079,SanLuisObispo,269637,3298.567
6,6081,SanMateo,718451,448.408
6,6083,SantaBarbara,423895,2735.085
6,6085,SantaClara,1781642,1290.1
6,6087,SantaCruz,262382,445.17
6,6089,Shasta,177223,3775.402
6,6091,Sierra,3240,953.214
6,6093,Siskiyou,44900,6277.887
6,6095,Solano,413344,821.765
6,6097,Sonoma,483878,1575.849
6,6099,Stanislaus,514453,1494.827
6,6101,Sutter,94737,602.41
6,6103,Tehama,63463,2949.709
6,6105,Trinity,13786,3179.254
6,6107,Tulare,442179,4824.215
6,6109,Tuolumne,55365,2220.884
6,6111,Ventura,823318,1843.133
6,6113,Yolo,200849,1014.689
6,6115,Yuba,72155,631.839
8,8001,Adams,441603,1167.653
8,8003,Alamosa,15445,722.643
8,8005,Arapahoe,572003,798.1
8,8007,Archuleta,12084,1350.175
8,8009,Baca,3788,2554.967
8,8011,Bent,6499,1512.861
8,8013,Boulder,294567,726.289
8,8014,Broomfield,55889,33.034
8,8015,Chaffee,17809,1013.403
8,8017,Cheyenne,1836,1778.276
8,8019,ClearCreek,9088,395.227
8,8021,Conejos,8256,1287.391
8,8023,Costilla,3524,1226.952
8,8025,Crowley,5823,787.421
8,8027,Custer,4255,738.625
8,8029,Delta,30952,1142.05
8,8031,Denver,600158,153.0
8,8033,Dolores,2064,1067.051
8,8035,Douglas,285465,840.248
8,8037,Eagle,52197,1684.53
8,8039,Elbert,23086,1850.847
8,8041,ElPaso,622263,2126.801
8,8043,Fremont,46824,1533.068
8,8045,Garfield,56389,2947.563
8,8047,Gilpin,5441,149.896
8,8049,Grand,14843,1846.33
8,8051,Gunnison,15324,3239.1
8,8053,Hinsdale,843,1117.251
8,8055,Huerfano,6711,1591.001
8,8057,Jackson,1394,1613.723
8,8059,Jefferson,534543,764.208
8,8061,Kiowa,1398,1767.767
8,8063,KitCarson,8270,2160.822
8,8065,Lake,7310,376.911
8,8067,LaPlata,51334,1692.078
8,8069,Larimer,299630,2596.002
8,8071,LasAnimas,15507,4772.672
8,8073,Lincoln,5467,2577.626
8,8075,Logan,22709,1838.547
8,8077,Mesa,146723,3328.974
8,8079,Mineral,712,875.666
8,8081,Moffat,13795,4743.29
8,8083,Montezuma,25535,2029.527
8,8085,Montrose,41276,2240.695
8,8087,Morgan,28159,1280.433
8,8089,Otero,18831,1261.961
8,8091,Ouray,4436,541.593
8,8093,Park,16206,2193.846
8,8095,Phillips,4442,687.928
8,8097,Pitkin,17148,970.697
8,8099,Prowers,12551,1638.395
8,8101,Pueblo,159063,2386.104
8,8103,RioBlanco,6666,3220.934
8,8105,RioGrande,11982,911.958
8,8107,Routt,23509,2362.026
8,8109,Saguache,6108,3168.525
8,8111,SanJuan,699,387.488
8,8113,SanMiguel,7359,1286.611
8,8115,Sedgwick,2379,548.041
8,8117,Summit,27994,608.358
8,8119,Teller,23350,557.055
8,8121,Washington,4814,2518.031
8,8123,Weld,252825,3987.238
8,8125,Yuma,10043,2364.405
9,9001,Fairfield,916829,624.89
9,9003,Hartford,894014,735.097
9,9005,Litchfield,189927,920.56
9,9007,Middlesex,165676,369.301
9,9009,NewHaven,862477,604.506
9,9011,NewLondon,274055,664.878
9,9013,Tolland,152691,410.214
9,9015,Windham,118428,512.91
10,10001,Kent,162310,586.179
10,10003,NewCastle,538479,426.286
10,10005,Sussex,197145,936.079
11,11001,DistrictofColumbia,601723,61.048
12,12001,Alachua,247336,875.02
12,12003,Baker,27115,585.231
12,12005,Bay,168852,758.459
12,12007,Bradford,28520,293.962
12,12009,Brevard,543376,1015.664
12,12011,Broward,1748066,1209.785
12,12013,Calhoun,14625,567.334
12,12015,Charlotte,159978,680.279
12,12017,Citrus,141236,581.696
12,12019,Clay,190865,604.36
12,12021,Collier,321520,1998.324
12,12023,Columbia,67531,797.574
12,12027,DeSoto,34862,637.059
12,12029,Dixie,16422,705.053
12,12031,Duval,864263,762.192
12,12033,Escambia,297619,656.461
12,12035,Flagler,95696,485.461
12,12037,Franklin,11549,534.725
12,12039,Gadsden,46389,516.332
12,12041,Gilchrist,16939,349.677
12,12043,Glades,12884,806.009
12,12045,Gulf,15863,564.012
12,12047,Hamilton,14799,513.79
12,12049,Hardee,27731,637.783
12,12051,Hendry,39140,1152.75
12,12053,Hernando,172778,472.539
12,12055,Highlands,98786,1016.615
12,12057,Hillsborough,1229226,1020.214
12,12059,Holmes,19927,478.777
12,12061,IndianRiver,138028,502.872
12,12063,Jackson,49746,917.76
12,12065,Jefferson,14761,598.095
12,12067,Lafayette,8870,543.411
12,12069,Lake,297052,938.381
12,12071,Lee,618754,784.513
12,12073,Leon,275487,666.852
12,12075,Levy,40801,1118.206
12,12077,Liberty,8365,835.562
12,12079,Madison,19224,695.948
12,12081,Manatee,322833,742.931
12,12083,Marion,331298,1584.546
12,12085,Martin,146318,543.464
12,12086,MiamiDade,2496435,1897.716
12,12087,Monroe,73090,983.282
12,12089,Nassau,73314,648.639
12,12091,Okaloosa,180822,930.247
12,12093,Okeechobee,39996,768.908
12,12095,Orange,1145956,903.429
12,12097,Osceola,268685,1327.453
12,12099,PalmBeach,1320134,1969.763
12,12101,Pasco,464697,746.886
12,12103,Pinellas,916542,273.799
12,12105,Polk,602095,1797.837
12,12107,Putnam,74364,727.622
12,12109,StJohns,190039,600.655
12,12111,StLucie,277789,571.926
12,12113,SantaRosa,151372,1011.605
12,12115,Sarasota,379448,555.868
12,12117,Seminole,422718,309.221
12,12119,Sumter,93420,546.933
12,12121,Suwannee,41551,688.552
12,12123,Taylor,22570,1043.305
12,12125,Union,15535,243.556
12,12127,Volusia,494593,1101.032
12,12129,Wakulla,30776,606.419
12,12131,Walton,55043,1037.625
12,12133,Washington,24896,582.803
13,13001,Appling,18236,507.081
13,13003,Atkinson,8375,339.382
13,13005,Bacon,11096,258.576
13,13007,Baker,3451,341.944
13,13009,Baldwin,45720,257.844
13,13011,Banks,18395,232.091
13,13013,Barrow,69367,160.309
13,13015,Bartow,100157,459.544
13,13017,BenHill,17634,250.121
13,13019,Berrien,19286,451.897
13,13021,Bibb,155547,249.762
13,13023,Bleckley,13063,215.87
13,13025,Brantley,18411,442.362
13,13027,Brooks,16243,493.046
13,13029,Bryan,30233,435.967
13,13031,Bulloch,70217,672.809
13,13033,Burke,23316,826.968
13,13035,Butts,23655,184.393
13,13037,Calhoun,6694,280.367
13,13039,Camden,50513,613.025
13,13043,Candler,10998,243.044
13,13045,Carroll,110527,499.076
13,13047,Catoosa,63942,162.159
13,13049,Charlton,12171,773.576
13,13051,Chatham,265128,426.437
13,13053,Chattahoochee,11267,248.736
13,13055,Chattooga,26015,313.338
13,13057,Cherokee,214346,421.674
13,13059,Clarke,116714,119.2
13,13061,Clay,3183,195.381
13,13063,Clayton,259424,141.57
13,13065,Clinch,6798,800.222
13,13067,Cobb,688078,339.549
13,13069,Coffee,42356,575.097
13,13071,Colquitt,45498,544.153
13,13073,Columbia,124053,290.09
13,13075,Cook,17212,227.162
13,13077,Coweta,127317,440.892
13,13079,Crawford,12630,324.888
13,13081,Crisp,23439,272.583
13,13083,Dade,16633,173.981
13,13085,Dawson,22330,210.83
13,13087,Decatur,27842,597.14
13,13089,DeKalb,691893,267.582
13,13091,Dodge,21796,495.89
13,13093,Dooly,14918,391.94
13,13095,Dougherty,94565,328.689
13,13097,Douglas,132403,200.067
13,13099,Early,11008,512.594
13,13101,Echols,4034,414.894
13,13103,Effingham,52250,477.7
13,13105,Elbert,20166,351.055
13,13107,Emanuel,22598,680.604
13,13109,Evans,11000,182.853
13,13111,Fannin,23682,386.723
13,13113,Fayette,106567,194.342
13,13115,Floyd,96317,509.911
13,13117,Forsyth,175511,224.021
13,13119,Franklin,22084,261.497
13,13121,Fulton,920581,526.635
13,13123,Gilmer,28292,426.54
13,13125,Glascock,3082,143.74
13,13127,Glynn,79626,419.753
13,13129,Gordon,55186,355.808
13,13131,Grady,25011,454.527
13,13133,Greene,15994,387.435
13,13135,Gwinnett,805321,430.383
13,13137,Habersham,43041,276.74
13,13139,Hall,179684,392.782
13,13141,Hancock,9429,471.841
13,13143,Haralson,28780,282.165
13,13145,Harris,32024,463.869
13,13147,Hart,25213,232.394
13,13149,Heard,11834,296.03
13,13151,Henry,203922,322.127
13,13153,Houston,139900,375.541
13,13155,Irwin,9538,354.343
13,13157,Jackson,60485,339.663
13,13159,Jasper,13900,368.165
13,13161,JeffDavis,15068,330.74
13,13163,Jefferson,16930,526.485
13,13165,Jenkins,8340,347.279
13,13167,Johnson,9980,303.01
13,13169,Jones,28669,393.933
13,13171,Lamar,18317,183.5
13,13173,Lanier,10078,185.261
13,13175,Laurens,48434,807.296
13,13177,Lee,28298,355.784
13,13179,Liberty,63453,489.801
13,13181,Lincoln,7996,210.38
13,13183,Long,14464,400.293
13,13185,Lowndes,109233,496.066
13,13187,Lumpkin,29966,282.933
13,13189,McDuffie,21875,257.461
13,13191,McIntosh,14333,424.299
13,13193,Macon,14740,400.641
13,13195,Madison,28120,282.311
13,13197,Marion,8742,366.003
13,13199,Meriwether,21992,501.223
13,13201,Miller,6125,282.421
13,13205,Mitchell,23498,512.085
13,13207,Monroe,26424,395.658
13,13209,Montgomery,9123,239.523
13,13211,Morgan,17868,347.349
13,13213,Murray,39628,344.466
13,13215,Muscogee,189885,216.385
13,13217,Newton,99958,272.161
13,13219,Oconee,32808,184.29
13,13221,Oglethorpe,14899,439.012
13,13223,Paulding,142324,312.219
13,13225,Peach,27695,150.267
13,13227,Pickens,29431,232.057
13,13229,Pierce,18758,316.494
13,13231,Pike,17869,216.086
13,13233,Polk,41475,310.331
13,13235,Pulaski,12010,249.031
13,13237,Putnam,21218,344.639
13,13239,Quitman,2513,151.237
13,13241,Rabun,16276,369.993
13,13243,Randolph,7719,428.236
13,13245,Richmond,200549,324.326
13,13247,Rockdale,85215,129.793
13,13249,Schley,5010,166.906
13,13251,Screven,14593,645.101
13,13253,Seminole,8729,235.226
13,13255,Spalding,64073,196.469
13,13257,Stephens,26175,179.131
13,13259,Stewart,6058,458.733
13,13261,Sumter,32819,482.697
13,13263,Talbot,6865,391.389
13,13265,Taliaferro,1717,194.608
13,13267,Tattnall,25520,479.403
13,13269,Taylor,8906,376.686
13,13271,Telfair,16500,437.303
13,13273,Terrell,9315,335.439
13,13275,Thomas,44720,544.596
13,13277,Tift,40118,258.915
13,13279,Toombs,27223,364.005
13,13281,Towns,10471,166.563
13,13283,Treutlen,6885,199.436
13,13285,Troup,67044,413.988
13,13287,Turner,8930,285.393
13,13289,Twiggs,9023,358.398
13,13291,Union,21356,321.926
13,13293,Upson,27153,323.437
13,13295,Walker,68756,446.379
13,13297,Walton,83768,325.68
13,13299,Ware,36312,892.461
13,13301,Warren,5834,284.298
13,13303,Washington,21187,678.452
13,13305,Wayne,30099,641.777
13,13307,Webster,2799,209.118
13,13309,Wheeler,7421,295.484
13,13311,White,27144,240.686
13,13313,Whitfield,102599,290.464
13,13315,Wilcox,9255,377.705
13,13317,Wilkes,10593,469.49
13,13319,Wilkinson,9563,447.308
13,13321,Worth,21679,570.702
15,15001,Hawaii,185079,4028.417
15,15003,Honolulu,953207,600.743
15,15005,Kalawao,90,11.991
15,15007,Kauai,67091,619.956
15,15009,Maui,154834,1161.521
16,16001,Ada,392365,1052.576
16,16003,Adams,3976,1363.056
16,16005,Bannock,82839,1111.988
16,16007,BearLake,5986,974.785
16,16009,Benewah,9285,776.617
16,16011,Bingham,45607,2093.978
16,16013,Blaine,21376,2643.586
16,16015,Boise,7028,1899.237
16,16017,Bonner,40877,1734.573
16,16019,Bonneville,104234,1866.077
16,16021,Boundary,10972,1268.56
16,16023,Butte,2891,2231.667
16,16025,Camas,1117,1074.493
16,16027,Canyon,188923,587.37
16,16029,Caribou,6963,1764.146
16,16031,Cassia,22952,2565.081
16,16033,Clark,982,1764.185
16,16035,Clearwater,8761,2457.274
16,16037,Custer,4368,4920.94
16,16039,Elmore,27038,3074.738
16,16041,Franklin,12786,663.645
16,16043,Fremont,13242,1863.525
16,16045,Gem,16719,560.9
16,16047,Gooding,15464,728.973
16,16049,Idaho,16267,8477.352
16,16051,Jefferson,26140,1093.501
16,16053,Jerome,22374,597.185
16,16055,Kootenai,138494,1244.125
16,16057,Latah,37244,1075.996
16,16059,Lemhi,7936,4563.387
16,16061,Lewis,3821,478.795
16,16063,Lincoln,5208,1201.405
16,16065,Madison,37536,469.206
16,16067,Minidoka,20069,757.591
16,16069,NezPerce,39265,848.092
16,16071,Oneida,4286,1200.061
16,16073,Owyhee,11526,7665.511
16,16075,Payette,22623,406.867
16,16077,Power,7817,1404.244
16,16079,Shoshone,12765,2629.665
16,16081,Teton,10170,449.456
16,16083,TwinFalls,77230,1921.213
16,16085,Valley,9862,3664.515
16,16087,Washington,10198,1452.982
17,17001,Adams,67103,855.202
17,17003,Alexander,8238,235.509
17,17005,Bond,17768,380.279
17,17007,Boone,54165,280.719
17,17009,Brown,6937,305.607
17,17011,Bureau,34978,869.031
17,17013,Calhoun,5089,253.825
17,17015,Carroll,15387,444.807
17,17017,Cass,13642,375.818
17,17019,Champaign,201081,996.266
17,17021,Christian,34800,709.377
17,17023,Clark,16335,501.418
17,17025,Clay,13815,468.316
17,17027,Clinton,37762,474.085
17,17029,Coles,53873,508.291
17,17031,Cook,5194675,945.326
17,17033,Crawford,19817,443.629
17,17035,Cumberland,11048,346.024
17,17037,DeKalb,105160,631.307
17,17039,DeWitt,16561,397.513
17,17041,Douglas,19980,416.665
17,17043,DuPage,916924,327.499
17,17045,Edgar,18576,623.374
17,17047,Edwards,6721,222.416
17,17049,Effingham,34242,478.777
17,17051,Fayette,22140,716.482
17,17053,Ford,14081,485.616
17,17055,Franklin,39561,408.889
17,17057,Fulton,37069,865.595
17,17059,Gallatin,5589,323.071
17,17061,Greene,13886,543.019
17,17063,Grundy,50063,418.043
17,17065,Hamilton,8457,434.665
17,17067,Hancock,19104,793.726
17,17069,Hardin,4320,177.528
17,17071,Henderson,7331,378.872
17,17073,Henry,50486,822.985
17,17075,Iroquois,29718,1117.316
17,17077,Jackson,60218,584.081
17,17079,Jasper,9698,494.51
17,17081,Jefferson,38827,571.169
17,17083,Jersey,22985,369.271
17,17085,JoDaviess,22678,601.087
17,17087,Johnson,12582,343.915
17,17089,Kane,515269,520.058
17,17091,Kankakee,113449,676.556
17,17093,Kendall,114736,320.335
17,17095,Knox,52919,716.395
17,17097,Lake,703462,443.67
17,17099,LaSalle,113924,1135.124
17,17101,Lawrence,16833,372.178
17,17103,Lee,36031,724.896
17,17105,Livingston,38950,1044.285
17,17107,Logan,30305,618.059
17,17109,McDonough,32612,589.407
17,17111,McHenry,308760,603.171
17,17113,McLean,169572,1183.378
17,17115,Macon,110768,580.689
17,17117,Macoupin,47765,862.906
17,17119,Madison,269282,715.582
17,17121,Marion,39437,572.363
17,17123,Marshall,12640,386.789
17,17125,Mason,14666,539.238
17,17127,Massac,15429,237.218
17,17129,Menard,12705,314.437
17,17131,Mercer,16434,561.202
17,17133,Monroe,32957,385.011
17,17135,Montgomery,30104,703.687
17,17137,Morgan,35547,568.791
17,17139,Moultrie,14846,335.943
17,17141,Ogle,53497,758.574
17,17143,Peoria,186494,619.209
17,17145,Perry,22350,441.761
17,17147,Piatt,16729,439.202
17,17149,Pike,16430,831.381
17,17151,Pope,4470,368.77
17,17153,Pulaski,6161,199.185
17,17155,Putnam,6006,160.161
17,17157,Randolph,33476,575.5
17,17159,Richland,16233,359.99
17,17161,RockIsland,147546,427.636
17,17163,StClair,270056,657.759
17,17165,Saline,24913,379.819
17,17167,Sangamon,197465,868.302
17,17169,Schuyler,7544,437.273
17,17171,Scott,5355,250.913
17,17173,Shelby,22363,758.523
17,17175,Stark,5994,288.079
17,17177,Stephenson,47711,564.523
17,17179,Tazewell,135394,648.974
17,17181,Union,17808,413.459
17,17183,Vermilion,81625,898.368
17,17185,Wabash,11947,223.252
17,17187,Warren,17707,542.405
17,17189,Washington,14716,562.572
17,17191,Wayne,16760,713.814
17,17193,White,14665,494.766
17,17195,Whiteside,58498,684.25
17,17197,Will,677560,836.908
17,17199,Williamson,66357,420.149
17,17201,Winnebago,295266,513.362
17,17203,Woodford,38664,527.799
18,18001,Adams,34387,339.028
18,18003,Allen,355329,657.308
18,18005,Bartholomew,76794,406.908
18,18007,Benton,8854,406.418
18,18009,Blackford,12766,165.08
18,18011,Boone,56640,422.913
18,18013,Brown,15242,311.981
18,18015,Carroll,20155,372.224
18,18017,Cass,38966,412.155
18,18019,Clark,110232,372.855
18,18021,Clay,26890,357.542
18,18023,Clinton,33224,405.07
18,18025,Crawford,10713,305.643
18,18027,Daviess,31648,429.487
18,18029,Dearborn,50047,305.034
18,18031,Decatur,25740,372.568
18,18033,DeKalb,42223,362.824
18,18035,Delaware,117671,392.124
18,18037,Dubois,41889,427.269
18,18039,Elkhart,197559,463.17
18,18041,Fayette,24277,215.014
18,18043,Floyd,74578,147.935
18,18045,Fountain,17240,395.656
18,18047,Franklin,23087,384.43
18,18049,Fulton,20836,368.388
18,18051,Gibson,33503,487.486
18,18053,Grant,70061,414.074
18,18055,Greene,33165,542.495
18,18057,Hamilton,274569,394.267
18,18059,Hancock,70002,306.016
18,18061,Harrison,39364,484.516
18,18063,Hendricks,145448,406.911
18,18065,Henry,49462,391.876
18,18067,Howard,82752,293.057
18,18069,Huntington,37124,382.651
18,18071,Jackson,42376,509.312
18,18073,Jasper,33478,559.625
18,18075,Jay,21253,383.905
18,18077,Jefferson,32428,360.631
18,18079,Jennings,28525,376.583
18,18081,Johnson,139654,320.427
18,18083,Knox,38440,516.031
18,18085,Kosciusko,77358,531.381
18,18087,LaGrange,37128,379.624
18,18089,Lake,496005,498.961
18,18091,LaPorte,111467,598.299
18,18093,Lawrence,46134,449.168
18,18095,Madison,131636,451.915
18,18097,Marion,903393,396.298
18,18099,Marshall,47051,443.629
18,18101,Martin,10334,335.737
18,18103,Miami,36903,373.842
18,18105,Monroe,137974,394.509
18,18107,Montgomery,38124,504.613
18,18109,Morgan,68894,403.969
18,18111,Newton,14244,401.759
18,18113,Noble,47536,410.843
18,18115,Ohio,6128,86.14
18,18117,Orange,19840,398.387
18,18119,Owen,21575,385.288
18,18121,Parke,17339,444.663
18,18123,Perry,19338,381.727
18,18125,Pike,12845,334.238
18,18127,Porter,164343,418.153
18,18129,Posey,25910,409.571
18,18131,Pulaski,13402,433.649
18,18133,Putnam,37963,480.528
18,18135,Randolph,26171,452.379
18,18137,Ripley,28818,446.426
18,18139,Rush,17392,408.124
18,18141,StJoseph,266931,457.85
18,18143,Scott,24181,190.397
18,18145,Shelby,44436,411.147
18,18147,Spencer,20952,396.744
18,18149,Starke,23363,309.134
18,18151,Steuben,34185,308.939
18,18153,Sullivan,21475,447.142
18,18155,Switzerland,10613,220.633
18,18157,Tippecanoe,172780,499.806
18,18159,Tipton,15936,260.541
18,18161,Union,7516,161.224
18,18163,Vanderburgh,179703,233.475
18,18165,Vermillion,16212,256.878
18,18167,Vigo,107848,403.313
18,18169,Wabash,32888,412.434
18,18171,Warren,8508,364.681
18,18173,Warrick,59689,384.815
18,18175,Washington,28262,513.725
18,18177,Wayne,68917,401.74
18,18179,Wells,27636,368.087
18,18181,White,24643,505.125
18,18183,Whitley,33292,335.569
19,19001,Adair,7682,569.271
19,19003,Adams,4029,423.439
19,19005,Allamakee,14330,639.082
19,19007,Appanoose,12887,497.292
19,19009,Audubon,6119,442.961
19,19011,Benton,26076,716.265
19,19013,BlackHawk,131090,565.769
19,19015,Boone,26306,571.569
19,19017,Bremer,24276,435.477
19,19019,Buchanan,20958,571.02
19,19021,BuenaVista,20260,574.915
19,19023,Butler,14867,580.131
19,19025,Calhoun,9670,569.968
19,19027,Carroll,20816,569.437
19,19029,Cass,13956,564.269
19,19031,Cedar,18499,579.436
19,19033,CerroGordo,44151,568.313
19,19035,Cherokee,12072,576.906
19,19037,Chickasaw,12439,504.38
19,19039,Clarke,9286,431.167
19,19041,Clay,16667,567.238
19,19043,Clayton,18129,778.539
19,19045,Clinton,49116,694.915
19,19047,Crawford,17096,714.19
19,19049,Dallas,66135,588.447
19,19051,Davis,8753,502.188
19,19053,Decatur,8457,531.881
19,19055,Delaware,17764,577.756
19,19057,DesMoines,40325,416.123
19,19059,Dickinson,16667,380.606
19,19061,Dubuque,93653,608.305
19,19063,Emmet,10302,395.883
19,19065,Fayette,20880,730.811
19,19067,Floyd,16303,500.632
19,19069,Franklin,10680,581.972
19,19071,Fremont,7441,511.15
19,19073,Greene,9336,569.574
19,19075,Grundy,12453,501.858
19,19077,Guthrie,10954,590.62
19,19079,Hamilton,15673,576.751
19,19081,Hancock,11341,571.005
19,19083,Hardin,17534,569.307
19,19085,Harrison,14928,696.848
19,19087,Henry,20145,434.328
19,19089,Howard,9566,473.248
19,19091,Humboldt,9815,434.352
19,19093,Ida,7089,431.508
19,19095,Iowa,16355,586.457
19,19097,Jackson,19848,636.039
19,19099,Jasper,36842,730.42
19,19101,Jefferson,16843,435.51
19,19103,Johnson,130882,614.04
19,19105,Jones,20638,575.621
19,19107,Keokuk,10511,579.179
19,19109,Kossuth,15543,972.72
19,19111,Lee,35862,517.518
19,19113,Linn,211226,716.88
19,19115,Louisa,11387,401.766
19,19117,Lucas,8898,430.593
19,19119,Lyon,11581,587.65
19,19121,Madison,15679,561.006
19,19123,Mahaska,22381,570.863
19,19125,Marion,33309,554.534
19,19127,Marshall,40648,572.501
19,19129,Mills,15059,437.437
19,19131,Mitchell,10776,469.133
19,19133,Monona,9243,694.072
19,19135,Monroe,7970,433.715
19,19137,Montgomery,10740,424.097
19,19139,Muscatine,42745,437.469
19,19141,OBrien,14398,573.035
19,19143,Osceola,6462,398.684
19,19145,Page,15932,534.942
19,19147,PaloAlto,9421,563.844
19,19149,Plymouth,24986,862.893
19,19151,Pocahontas,7310,577.241
19,19153,Polk,430640,573.795
19,19155,Pottawattamie,93158,950.28
19,19157,Poweshiek,18914,584.932
19,19159,Ringgold,5131,535.498
19,19161,Sac,10350,575.012
19,19163,Scott,165224,458.089
19,19165,Shelby,12167,590.779
19,19167,Sioux,33704,768.332
19,19169,Story,89542,572.818
19,19171,Tama,17767,721.011
19,19173,Taylor,6317,531.902
19,19175,Union,12534,423.645
19,19177,VanBuren,7570,484.789
19,19179,Wapello,35625,431.833
19,19181,Warren,46225,569.827
19,19183,Washington,21704,568.835
19,19185,Wayne,6403,525.437
19,19187,Webster,38013,715.619
19,19189,Winnebago,10866,400.489
19,19191,Winneshiek,21056,689.868
19,19193,Woodbury,102172,872.834
19,19195,Worth,7598,400.123
19,19197,Wright,13229,580.422
20,20001,Allen,13371,500.303
20,20003,Anderson,8102,579.646
20,20005,Atchison,16924,431.172
20,20007,Barber,4861,1134.073
20,20009,Barton,27674,895.4
20,20011,Bourbon,15173,635.471
20,20013,Brown,9984,570.872
20,20015,Butler,65880,1429.863
20,20017,Chase,2790,773.06
20,20019,Chautauqua,3669,638.881
20,20021,Cherokee,21603,587.568
20,20023,Cheyenne,2726,1019.887
20,20025,Clark,2215,974.632
20,20027,Clay,8535,645.301
20,20029,Cloud,9533,715.342
20,20031,Coffey,8601,626.947
20,20033,Comanche,1891,788.298
20,20035,Cowley,36311,1125.75
20,20037,Crawford,39134,589.756
20,20039,Decatur,2961,893.517
20,20041,Dickinson,19754,847.072
20,20043,Doniphan,7945,393.405
20,20045,Douglas,110826,455.871
20,20047,Edwards,3037,621.894
20,20049,Elk,2882,644.265
20,20051,Ellis,28452,899.912
20,20053,Ellsworth,6497,715.847
20,20055,Finney,36776,1301.967
20,20057,Ford,33848,1098.271
20,20059,Franklin,25992,571.756
20,20061,Geary,34362,384.618
20,20063,Gove,2695,1071.665
20,20065,Graham,2597,898.522
20,20067,Grant,7829,574.8
20,20069,Gray,6006,868.867
20,20071,Greeley,1247,778.45
20,20073,Greenwood,6689,1143.3
20,20075,Hamilton,2690,996.508
20,20077,Harper,6034,801.269
20,20079,Harvey,34684,539.754
20,20081,Haskell,4256,577.521
20,20083,Hodgeman,1916,859.992
20,20085,Jackson,13462,656.217
20,20087,Jefferson,19126,532.574
20,20089,Jewell,3077,909.781
20,20091,Johnson,544179,473.375
20,20093,Kearny,3977,870.543
20,20095,Kingman,7858,863.363
20,20097,Kiowa,2553,722.639
20,20099,Labette,21607,645.295
20,20101,Lane,1750,717.455
20,20103,Leavenworth,76227,462.831
20,20105,Lincoln,3241,719.396
20,20107,Linn,9656,594.059
20,20109,Logan,2756,1072.994
20,20111,Lyon,33690,847.474
20,20113,McPherson,29180,898.274
20,20115,Marion,12660,944.29
20,20117,Marshall,10117,900.183
20,20119,Meade,4575,978.088
20,20121,Miami,32787,575.661
20,20123,Mitchell,6373,701.792
20,20125,Montgomery,35471,643.527
20,20127,Morris,5923,695.279
20,20129,Morton,3233,729.731
20,20131,Nemaha,10178,717.427
20,20133,Neosho,16512,571.472
20,20135,Ness,3107,1074.75
20,20137,Norton,5671,878.134
20,20139,Osage,16295,705.518
20,20141,Osborne,3858,892.504
20,20143,Ottawa,6091,720.733
20,20145,Pawnee,6973,754.263
20,20147,Phillips,5642,885.877
20,20149,Pottawatomie,21604,841.022
20,20151,Pratt,9656,735.045
20,20153,Rawlins,2519,1069.416
20,20155,Reno,64511,1255.346
20,20157,Republic,4980,717.371
20,20159,Rice,10083,726.237
20,20161,Riley,71115,609.771
20,20163,Rooks,5181,890.533
20,20165,Rush,3307,717.763
20,20167,Russell,6970,886.26
20,20169,Saline,55606,720.225
20,20171,Scott,4936,717.544
20,20173,Sedgwick,498365,997.512
20,20175,Seward,22952,639.497
20,20177,Shawnee,177934,544.016
20,20179,Sheridan,2556,895.957
20,20181,Sherman,6010,1056.066
20,20183,Smith,3853,895.465
20,20185,Stafford,4437,792.046
20,20187,Stanton,2235,680.345
20,20189,Stevens,5724,727.293
20,20191,Sumner,24132,1181.941
20,20193,Thomas,7900,1074.687
20,20195,Trego,3001,889.478
20,20197,Wabaunsee,7053,794.302
20,20199,Wallace,1485,913.652
20,20201,Washington,5799,894.756
20,20203,Wichita,2234,718.568
20,20205,Wilson,9409,570.418
20,20207,Woodson,3309,497.82
20,20209,Wyandotte,157505,151.6
21,21001,Adair,18656,405.283
21,21003,Allen,19956,344.338
21,21005,Anderson,21421,201.832
21,21007,Ballard,8249,246.659
21,21009,Barren,42173,487.541
21,21011,Bath,11591,278.792
21,21013,Bell,28691,359.0
21,21015,Boone,118811,246.359
21,21017,Bourbon,19985,289.719
21,21019,Boyd,49542,159.864
21,21021,Boyle,28432,180.169
21,21023,Bracken,8488,205.612
21,21025,Breathitt,13878,492.413
21,21027,Breckinridge,20059,567.172
21,21029,Bullitt,74319,297.024
21,21031,Butler,12690,426.088
21,21033,Caldwell,12984,344.791
21,21035,Calloway,37191,385.021
21,21037,Campbell,90336,151.308
21,21039,Carlisle,5104,189.434
21,21041,Carroll,10811,128.569
21,21043,Carter,27720,409.496
21,21045,Casey,15955,444.23
21,21047,Christian,73955,717.503
21,21049,Clark,35613,252.463
21,21051,Clay,21730,469.247
21,21053,Clinton,10272,197.246
21,21055,Crittenden,9315,359.952
21,21057,Cumberland,6856,305.182
21,21059,Daviess,96656,458.346
21,21061,Edmonson,12161,302.883
21,21063,Elliott,7852,234.315
21,21065,Estill,14672,253.078
21,21067,Fayette,295803,283.649
21,21069,Fleming,14348,348.542
21,21071,Floyd,39451,393.345
21,21073,Franklin,49285,207.747
21,21075,Fulton,6813,205.504
21,21077,Gallatin,8589,101.234
21,21079,Garrard,16912,230.077
21,21081,Grant,24662,257.965
21,21083,Graves,37121,551.743
21,21085,Grayson,25746,496.698
21,21087,Green,11258,286.034
21,21089,Greenup,36910,344.397
21,21091,Hancock,8565,187.652
21,21093,Hardin,105543,623.278
21,21095,Harlan,29278,465.828
21,21097,Harrison,18846,306.364
21,21099,Hart,18199,412.086
21,21101,Henderson,46250,436.669
21,21103,Henry,15416,286.276
21,21105,Hickman,4902,242.274
21,21107,Hopkins,46920,541.995
21,21109,Jackson,13494,345.201
21,21111,Jefferson,741096,380.416
21,21113,Jessamine,48586,172.116
21,21115,Johnson,23356,261.953
21,21117,Kenton,159720,160.25
21,21119,Knott,16346,351.518
21,21121,Knox,31883,386.297
21,21123,Larue,14193,261.519
21,21125,Laurel,58849,433.953
21,21127,Lawrence,15860,415.595
21,21129,Lee,7887,208.857
21,21131,Leslie,11310,400.844
21,21133,Letcher,24519,337.914
21,21135,Lewis,13870,482.836
21,21137,Lincoln,24742,334.095
21,21139,Livingston,9519,313.127
21,21141,Logan,26835,552.131
21,21143,Lyon,8314,213.84
21,21145,McCracken,65565,248.744
21,21147,McCreary,18306,426.803
21,21149,McLean,9531,252.474
21,21151,Madison,82916,437.293
21,21153,Magoffin,13333,308.444
21,21155,Marion,19820,343.008
21,21157,Marshall,31448,301.253
21,21159,Martin,12929,229.605
21,21161,Mason,17490,240.128
21,21163,Meade,28602,305.423
21,21165,Menifee,6306,203.585
21,21167,Mercer,21331,248.797
21,21169,Metcalfe,10099,289.645
21,21171,Monroe,10963,329.373
21,21173,Montgomery,26499,197.366
21,21175,Morgan,13923,381.127
21,21177,Muhlenberg,31499,467.079
21,21179,Nelson,43437,417.512
21,21181,Nicholas,7135,195.171
21,21183,Ohio,23842,587.274
21,21185,Oldham,60316,187.218
21,21187,Owen,10841,351.103
21,21189,Owsley,4755,197.407
21,21191,Pendleton,14877,277.157
21,21193,Perry,28712,339.67
21,21195,Pike,65024,786.833
21,21197,Powell,12613,178.979
21,21199,Pulaski,63063,658.408
21,21201,Robertson,2282,99.911
21,21203,Rockcastle,17056,316.545
21,21205,Rowan,23333,279.795
21,21207,Russell,17565,253.657
21,21209,Scott,47173,281.766
21,21211,Shelby,42074,379.636
21,21213,Simpson,17327,234.204
21,21215,Spencer,17061,186.677
21,21217,Taylor,24512,266.327
21,21219,Todd,12460,374.496
21,21221,Trigg,14339,441.433
21,21223,Trimble,8809,151.648
21,21225,Union,15007,342.849
21,21227,Warren,113792,541.6
21,21229,Washington,11717,297.266
21,21231,Wayne,20813,458.17
21,21233,Webster,13621,331.943
21,21235,Whitley,35637,437.83
21,21237,Wolfe,7355,222.171
21,21239,Woodford,24939,188.784
22,22001,Acadia,61773,655.119
22,22003,Allen,25764,761.847
22,22005,Ascension,107215,289.981
22,22007,Assumption,23421,338.658
22,22009,Avoyelles,42073,832.434
22,22011,Beauregard,35654,1157.342
22,22013,Bienville,14353,811.268
22,22015,Bossier,116979,840.057
22,22017,Caddo,254969,878.539
22,22019,Calcasieu,192768,1063.659
22,22021,Caldwell,10132,529.425
22,22023,Cameron,6839,1284.887
22,22025,Catahoula,10407,708.03
22,22027,Claiborne,17195,754.878
22,22029,Concordia,20822,696.92
22,22031,DeSoto,26656,875.579
22,22033,EastBatonRouge,440171,455.374
22,22035,EastCarroll,7759,420.704
22,22037,EastFeliciana,20267,453.41
22,22039,Evangeline,33984,662.378
22,22041,Franklin,20767,624.585
22,22043,Grant,22309,643.026
22,22045,Iberia,73240,574.111
22,22047,Iberville,33387,618.627
22,22049,Jackson,16274,569.183
22,22051,Jefferson,432552,295.632
22,22053,JeffersonDavis,31594,651.328
22,22055,Lafayette,221578,268.72
22,22057,Lafourche,96318,1068.214
22,22059,LaSalle,14890,624.684
22,22061,Lincoln,46735,471.742
22,22063,Livingston,128026,648.169
22,22065,Madison,12093,624.437
22,22067,Morehouse,27979,794.934
22,22069,Natchitoches,39566,1252.25
22,22071,Orleans,343829,169.423
22,22073,Ouachita,153720,610.406
22,22075,Plaquemines,23042,779.911
22,22077,PointeCoupee,22802,557.346
22,22079,Rapides,131613,1317.962
22,22081,RedRiver,9091,389.09
22,22083,Richland,20725,559.043
22,22085,Sabine,24233,866.659
22,22087,StBernard,35897,377.517
22,22089,StCharles,52780,279.083
22,22091,StHelena,11203,408.403
22,22093,StJames,22102,241.537
22,22095,StJohntheBaptist,45924,213.071
22,22097,StLandry,83384,923.879
22,22099,StMartin,52160,737.648
22,22101,StMary,54650,555.379
22,22103,StTammany,233740,845.551
22,22105,Tangipahoa,121097,791.275
22,22107,Tensas,5252,602.784
22,22109,Terrebonne,111860,1231.815
22,22111,Union,22721,876.988
22,22113,Vermilion,57999,1173.199
22,22115,Vernon,52334,1327.91
22,22117,Washington,47168,669.525
22,22119,Webster,41207,593.03
22,22121,WestBatonRouge,23788,192.394
22,22123,WestCarroll,11604,359.646
22,22125,WestFeliciana,15625,403.214
22,22127,Winn,15313,950.086
23,23001,Androscoggin,107702,467.927
23,23003,Aroostook,71870,6671.33
23,23005,Cumberland,281674,835.241
23,23007,Franklin,30768,1696.609
23,23009,Hancock,54418,1586.893
23,23011,Kennebec,122151,867.524
23,23013,Knox,39736,365.134
23,23015,Lincoln,34457,455.818
23,23017,Oxford,57833,2076.84
23,23019,Penobscot,153923,3397.362
23,23021,Piscataquis,17535,3960.856
23,23023,Sagadahoc,35293,253.695
23,23025,Somerset,52228,3924.403
23,23027,Waldo,38786,729.918
23,23029,Washington,32856,2562.66
23,23031,York,197131,990.713
24,24001,Allegany,75087,424.158
24,24003,AnneArundel,537656,414.902
24,24005,Baltimore,805029,598.302
24,24009,Calvert,88737,213.152
24,24011,Caroline,33066,319.419
24,24013,Carroll,167134,447.595
24,24015,Cecil,101108,346.273
24,24017,Charles,146551,457.749
24,24019,Dorchester,32618,540.765
24,24021,Frederick,233385,660.221
24,24023,Garrett,30097,647.103
24,24025,Harford,244826,437.089
24,24027,Howard,287085,250.741
24,24029,Kent,20197,277.03
24,24031,Montgomery,971777,491.254
24,24033,PrinceGeorges,863420,482.691
24,24035,QueenAnnes,47798,371.908
24,24037,StMarys,105151,357.18
24,24039,Somerset,26470,319.723
24,24041,Talbot,37782,268.538
24,24043,Washington,147430,457.78
24,24045,Wicomico,98733,374.444
24,24047,Worcester,51454,468.281
24,24510,Baltimorecity,620961,80.944
25,25001,Barnstable,215888,393.723
25,25003,Berkshire,131219,926.825
25,25005,Bristol,548285,553.096
25,25007,Dukes,16535,103.245
25,25009,Essex,743159,492.563
25,25011,Franklin,71372,699.319
25,25013,Hampden,463490,617.14
25,25015,Hampshire,158080,527.255
25,25017,Middlesex,1503085,817.817
25,25019,Nantucket,10172,44.97
25,25021,Norfolk,670850,396.105
25,25023,Plymouth,494919,659.075
25,25025,Suffolk,722023,58.154
25,25027,Worcester,798552,1510.77
26,26001,Alcona,10942,674.585
26,26003,Alger,9601,915.07
26,26005,Allegan,111408,825.231
26,26007,Alpena,29598,571.86
26,26009,Antrim,23580,475.703
26,26011,Arenac,15899,363.191
26,26013,Baraga,8860,898.257
26,26015,Barry,59173,553.092
26,26017,Bay,107771,442.302
26,26019,Benzie,17525,319.704
26,26021,Berrien,156813,567.747
26,26023,Branch,45248,506.369
26,26025,Calhoun,136146,706.233
26,26027,Cass,52293,490.062
26,26029,Charlevoix,25949,416.339
26,26031,Cheboygan,26152,715.264
26,26033,Chippewa,38520,1558.42
26,26035,Clare,30926,564.315
26,26037,Clinton,75382,566.408
26,26039,Crawford,14074,556.28
26,26041,Delta,37069,1171.096
26,26043,Dickinson,26168,761.4
26,26045,Eaton,107759,575.175
26,26047,Emmet,32694,467.494
26,26049,Genesee,425790,636.977
26,26051,Gladwin,25692,501.779
26,26053,Gogebic,16427,1101.849
26,26055,GrandTraverse,86986,464.331
26,26057,Gratiot,42476,568.464
26,26059,Hillsdale,46688,598.133
26,26061,Houghton,36628,1009.099
26,26063,Huron,33118,835.706
26,26065,Ingham,280895,556.12
26,26067,Ionia,63905,571.304
26,26069,Iosco,25887,549.096
26,26071,Iron,11817,1166.149
26,26073,Isabella,70311,572.677
26,26075,Jackson,160248,701.666
26,26077,Kalamazoo,250331,561.658
26,26079,Kalkaska,17153,559.865
26,26081,Kent,602622,846.948
26,26083,Keweenaw,2156,540.112
26,26085,Lake,11539,567.37
26,26087,Lapeer,88319,643.014
26,26089,Leelanau,21708,347.171
26,26091,Lenawee,99892,749.555
26,26093,Livingston,180967,565.254
26,26095,Luce,6631,899.078
26,26097,Mackinac,11113,1021.569
26,26099,Macomb,840978,479.223
26,26101,Manistee,24733,542.149
26,26103,Marquette,67077,1808.401
26,26105,Mason,28705,495.073
26,26107,Mecosta,42798,555.071
26,26109,Menominee,24029,1044.079
26,26111,Midland,83629,516.253
26,26113,Missaukee,14849,564.726
26,26115,Monroe,152021,549.394
26,26117,Montcalm,63342,705.399
26,26119,Montmorency,9765,546.663
26,26121,Muskegon,172188,499.246
26,26123,Newaygo,48460,813.204
26,26125,Oakland,1202362,867.663
26,26127,Oceana,26570,512.071
26,26129,Ogemaw,21699,563.488
26,26131,Ontonagon,6780,1311.225
26,26133,Osceola,23528,566.391
26,26135,Oscoda,8640,565.731
26,26137,Otsego,24164,514.971
26,26139,Ottawa,263801,563.467
26,26141,PresqueIsle,13376,658.719
26,26143,Roscommon,24449,519.636
26,26145,Saginaw,200169,800.114
26,26147,StClair,163040,721.17
26,26149,StJoseph,61295,500.591
26,26151,Sanilac,43114,962.566
26,26153,Schoolcraft,8485,1171.358
26,26155,Shiawassee,70648,530.668
26,26157,Tuscola,55729,803.127
26,26159,VanBuren,76258,607.474
26,26161,Washtenaw,344791,705.965
26,26163,Wayne,1820584,612.08
26,26165,Wexford,32735,565.002
27,27001,Aitkin,16202,1821.663
27,27003,Anoka,330844,423.01
27,27005,Becker,32504,1315.203
27,27007,Beltrami,44442,2504.94
27,27009,Benton,38451,408.301
27,27011,BigStone,5269,499.022
27,27013,BlueEarth,64013,747.844
27,27015,Brown,25893,611.09
27,27017,Carlton,35386,861.381
27,27019,Carver,91042,354.325
27,27021,Cass,28567,2021.542
27,27023,Chippewa,12441,581.122
27,27025,Chisago,53887,414.862
27,27027,Clay,58999,1045.366
27,27029,Clearwater,8695,998.94
27,27031,Cook,5176,1452.277
27,27033,Cottonwood,11687,638.61
27,27035,CrowWing,62500,999.095
27,27037,Dakota,398552,562.168
27,27039,Dodge,20087,439.276
27,27041,Douglas,36009,637.3
27,27043,Faribault,14553,712.476
27,27045,Fillmore,20866,861.3
27,27047,Freeborn,31255,707.087
27,27049,Goodhue,46183,756.838
27,27051,Grant,6018,548.16
27,27053,Hennepin,1152425,553.591
27,27055,Houston,19027,552.058
27,27057,Hubbard,20428,925.675
27,27059,Isanti,37816,435.794
27,27061,Itasca,45058,2667.722
27,27063,Jackson,10266,702.982
27,27065,Kanabec,16239,521.586
27,27067,Kandiyohi,42239,796.785
27,27069,Kittson,4552,1098.804
27,27071,Koochiching,13311,3104.07
27,27073,LacquiParle,7259,765.021
27,27075,Lake,10866,2109.292
27,27077,LakeoftheWoods,4045,1297.869
27,27079,LeSueur,27703,448.76
27,27081,Lincoln,5896,536.757
27,27083,Lyon,25857,714.559
27,27085,McLeod,36651,491.471
27,27087,Mahnomen,5413,557.878
27,27089,Marshall,9439,1775.068
27,27091,Martin,20840,712.347
27,27093,Meeker,23300,608.178
27,27095,MilleLacs,26097,572.31
27,27097,Morrison,33198,1125.062
27,27099,Mower,39163,711.329
27,27101,Murray,8725,704.702
27,27103,Nicollet,32727,448.494
27,27105,Nobles,21378,715.106
27,27107,Norman,6852,872.789
27,27109,Olmsted,144248,653.349
27,27111,OtterTail,57303,1972.068
27,27113,Pennington,13930,616.57
27,27115,Pine,29750,1411.289
27,27117,Pipestone,9596,465.055
27,27119,Polk,31600,1971.128
27,27121,Pope,10995,669.713
27,27123,Ramsey,508640,152.212
27,27125,RedLake,4089,432.407
27,27127,Redwood,16059,878.572
27,27129,Renville,15730,982.906
27,27131,Rice,64142,495.684
27,27133,Rock,9687,482.455
27,27135,Roseau,15629,1671.602
27,27137,StLouis,200226,6247.401
27,27139,Scott,129928,356.476
27,27141,Sherburne,88499,432.917
27,27143,Sibley,15226,588.779
27,27145,Stearns,150642,1343.133
27,27147,Steele,36576,429.645
27,27149,Stevens,9726,563.604
27,27151,Swift,9783,742.083
27,27153,Todd,24895,944.982
27,27155,Traverse,3558,573.902
27,27157,Wabasha,21676,522.982
27,27159,Wadena,13843,536.268
27,27161,Waseca,19136,423.356
27,27163,Washington,238136,384.282
27,27165,Watonwan,11211,434.947
27,27167,Wilkin,6576,750.957
27,27169,Winona,51461,626.206
27,27171,Wright,124700,661.457
27,27173,YellowMedicine,10438,759.101
28,28001,Adams,32297,462.407
28,28003,Alcorn,37057,400.038
28,28005,Amite,13131,730.1
28,28007,Attala,19564,734.982
28,28009,Benton,8729,406.616
28,28011,Bolivar,34145,876.573
28,28013,Calhoun,14962,586.573
28,28015,Carroll,10597,628.243
28,28017,Chickasaw,17392,501.779
28,28019,Choctaw,8547,418.177
28,28021,Claiborne,9604,487.406
28,28023,Clarke,16732,691.554
28,28025,Clay,20634,410.077
28,28027,Coahoma,26151,552.442
28,28029,Copiah,29449,777.244
28,28031,Covington,19568,413.792
28,28033,DeSoto,161252,476.145
28,28035,Forrest,74934,466.314
28,28037,Franklin,8118,563.779
28,28039,George,22578,478.708
28,28041,Greene,14400,712.755
28,28043,Grenada,21906,422.107
28,28045,Hancock,43929,473.748
28,28047,Harrison,187105,573.994
28,28049,Hinds,245285,869.741
28,28051,Holmes,19198,756.699
28,28053,Humphreys,9375,418.491
28,28055,Issaquena,1406,413.045
28,28057,Itawamba,23401,532.787
28,28059,Jackson,139668,722.754
28,28061,Jasper,17062,676.243
28,28063,Jefferson,7726,519.933
28,28065,JeffersonDavis,12487,408.443
28,28067,Jones,67761,694.795
28,28069,Kemper,10456,766.182
28,28071,Lafayette,47351,631.708
28,28073,Lamar,55658,497.055
28,28075,Lauderdale,80261,703.634
28,28077,Lawrence,12929,430.668
28,28079,Leake,23805,583.0
28,28081,Lee,82910,449.951
28,28083,Leflore,32317,592.539
28,28085,Lincoln,34869,586.115
28,28087,Lowndes,59779,505.509
28,28089,Madison,95203,714.506
28,28091,Marion,27088,542.384
28,28093,Marshall,37144,706.193
28,28095,Monroe,36989,765.094
28,28097,Montgomery,10925,406.981
28,28099,Neshoba,29676,570.141
28,28101,Newton,21720,578.104
28,28103,Noxubee,11545,695.138
28,28105,Oktibbeha,47671,458.201
28,28107,Panola,34707,685.144
28,28109,PearlRiver,55834,810.863
28,28111,Perry,12250,647.252
28,28113,Pike,40404,409.015
28,28115,Pontotoc,29957,497.689
28,28117,Prentiss,25276,414.98
28,28119,Quitman,8223,405.012
28,28121,Rankin,141617,775.485
28,28123,Scott,28264,609.185
28,28125,Sharkey,4916,431.72
28,28127,Simpson,27503,589.163
28,28129,Smith,16491,636.252
28,28131,Stone,17786,445.485
28,28133,Sunflower,29450,697.754
28,28135,Tallahatchie,15378,645.288
28,28137,Tate,28886,404.759
28,28139,Tippah,22232,457.815
28,28141,Tishomingo,19593,424.254
28,28143,Tunica,10778,454.668
28,28145,Union,27134,415.598
28,28147,Walthall,15443,403.944
28,28149,Warren,48773,588.501
28,28151,Washington,51137,724.741
28,28153,Wayne,20747,810.75
28,28155,Webster,10253,420.94
28,28157,Wilkinson,9878,678.106
28,28159,Winston,19198,607.245
28,28161,Yalobusha,12678,467.129
28,28163,Yazoo,28065,922.947
29,29001,Adair,25607,567.324
29,29003,Andrew,17291,432.703
29,29005,Atchison,5685,547.302
29,29007,Audrain,25529,692.235
29,29009,Barry,35597,778.251
29,29011,Barton,12402,591.921
29,29013,Bates,17049,836.689
29,29015,Benton,19056,704.06
29,29017,Bollinger,12363,617.906
29,29019,Boone,162642,685.414
29,29021,Buchanan,89201,408.027
29,29023,Butler,42794,694.669
29,29025,Caldwell,9424,426.393
29,29027,Callaway,44332,834.575
29,29029,Camden,44002,655.923
29,29031,CapeGirardeau,75674,578.535
29,29033,Carroll,9295,694.621
29,29035,Carter,6265,507.361
29,29037,Cass,99478,696.836
29,29039,Cedar,13982,474.483
29,29041,Chariton,7831,751.181
29,29043,Christian,77422,562.645
29,29045,Clark,7139,504.692
29,29047,Clay,221939,397.298
29,29049,Clinton,20743,418.956
29,29051,Cole,75990,393.75
29,29053,Cooper,17601,564.765
29,29055,Crawford,24696,742.517
29,29057,Dade,7883,490.012
29,29059,Dallas,16777,540.77
29,29061,Daviess,8433,563.24
29,29063,DeKalb,12892,421.356
29,29065,Dent,15657,752.79
29,29067,Douglas,13684,813.632
29,29069,Dunklin,31953,541.069
29,29071,Franklin,101492,922.681
29,29073,Gasconade,15222,517.803
29,29075,Gentry,6738,491.422
29,29077,Greene,275174,675.304
29,29079,Grundy,10261,435.276
29,29081,Harrison,8957,722.504
29,29083,Henry,22272,696.947
29,29085,Hickory,9627,399.091
29,29087,Holt,4912,462.693
29,29089,Howard,10144,463.849
29,29091,Howell,40400,927.248
29,29093,Iron,10630,550.259
29,29095,Jackson,674158,604.462
29,29097,Jasper,117404,638.487
29,29099,Jefferson,218733,656.629
29,29101,Johnson,52595,829.282
29,29103,Knox,4131,504.011
29,29105,Laclede,35571,764.717
29,29107,Lafayette,33381,628.433
29,29109,Lawrence,38634,611.737
29,29111,Lewis,10211,505.042
29,29113,Lincoln,52566,626.556
29,29115,Linn,12761,615.564
29,29117,Livingston,15195,532.329
29,29119,McDonald,23083,539.48
29,29121,Macon,15566,801.227
29,29123,Madison,12226,494.39
29,29125,Maries,9176,526.979
29,29127,Marion,28781,436.924
29,29129,Mercer,3785,453.835
29,29131,Miller,24748,592.595
29,29133,Mississippi,14358,411.583
29,29135,Moniteau,15607,415.025
29,29137,Monroe,8840,647.653
29,29139,Montgomery,12236,536.247
29,29141,Morgan,20565,597.631
29,29143,NewMadrid,18956,674.84
29,29145,Newton,58114,624.765
29,29147,Nodaway,23370,876.964
29,29149,Oregon,10881,789.796
29,29151,Osage,13878,604.346
29,29153,Ozark,9723,744.972
29,29155,Pemiscot,18296,492.544
29,29157,Perry,18971,474.354
29,29159,Pettis,42201,682.222
29,29161,Phelps,45156,671.784
29,29163,Pike,18516,670.438
29,29165,Platte,89322,420.19
29,29167,Polk,31137,635.523
29,29169,Pulaski,52274,547.099
29,29171,Putnam,4979,517.317
29,29173,Ralls,10167,469.781
29,29175,Randolph,25414,482.684
29,29177,Ray,23494,568.805
29,29179,Reynolds,6696,808.478
29,29181,Ripley,14100,629.537
29,29183,StCharles,360485,560.435
29,29185,StClair,9805,669.983
29,29186,SteGenevieve,18145,499.153
29,29187,StFrancois,65359,451.887
29,29189,StLouis,998954,507.8
29,29195,Saline,23370,755.504
29,29197,Schuyler,4431,307.303
29,29199,Scotland,4843,436.671
29,29201,Scott,39191,419.99
29,29203,Shannon,8441,1003.82
29,29205,Shelby,6373,500.864
29,29207,Stoddard,29968,823.222
29,29209,Stone,32202,464.033
29,29211,Sullivan,6714,647.981
29,29213,Taney,51675,632.436
29,29215,Texas,26008,1177.266
29,29217,Vernon,21159,826.398
29,29219,Warren,32513,428.601
29,29221,Washington,25195,759.913
29,29223,Wayne,13521,759.176
29,29225,Webster,36202,592.562
29,29227,Worth,2171,266.613
29,29229,Wright,18815,681.771
29,29510,StLouiscity,319294,61.909
30,30001,Beaverhead,9246,5541.624
30,30003,BigHorn,12865,4995.462
30,30005,Blaine,6491,4227.546
30,30007,Broadwater,5612,1192.541
30,30009,Carbon,10078,2048.788
30,30011,Carter,1160,3340.752
30,30013,Cascade,81327,2698.158
30,30015,Chouteau,5813,3972.488
30,30017,Custer,11699,3783.362
30,30019,Daniels,1751,1426.105
30,30021,Dawson,8966,2371.865
30,30023,DeerLodge,9298,736.53
30,30025,Fallon,2890,1620.772
30,30027,Fergus,11586,4339.803
30,30029,Flathead,90928,5087.66
30,30031,Gallatin,89513,2602.689
30,30033,Garfield,1206,4675.356
30,30035,Glacier,13399,2995.937
30,30037,GoldenValley,884,1175.342
30,30039,Granite,3079,1727.415
30,30041,Hill,16096,2898.955
30,30043,Jefferson,11406,1656.257
30,30045,JudithBasin,2072,1869.821
30,30047,Lake,28746,1490.15
30,30049,LewisandClark,63395,3458.828
30,30051,Liberty,2339,1430.045
30,30053,Lincoln,19687,3612.916
30,30055,McCone,1734,2643.172
30,30057,Madison,7691,3587.484
30,30059,Meagher,1891,2391.913
30,30061,Mineral,4223,1219.437
30,30063,Missoula,109299,2593.424
30,30065,Musselshell,4538,1868.155
30,30067,Park,15636,2803.063
30,30069,Petroleum,494,1654.871
30,30071,Phillips,4253,5140.035
30,30073,Pondera,6153,1622.863
30,30075,PowderRiver,1743,3297.298
30,30077,Powell,7027,2326.392
30,30079,Prairie,1179,1736.737
30,30081,Ravalli,40212,2390.821
30,30083,Richland,9746,2084.143
30,30085,Roosevelt,10425,2354.793
30,30087,Rosebud,9233,5010.402
30,30089,Sanders,11413,2760.524
30,30091,Sheridan,3384,1677.08
30,30093,SilverBow,34200,718.477
30,30095,Stillwater,9117,1795.35
30,30097,SweetGrass,3651,1855.205
30,30099,Teton,6073,2272.375
30,30101,Toole,5324,1915.647
30,30103,Treasure,718,977.398
30,30105,Valley,7369,4925.819
30,30107,Wheatland,2168,1423.195
30,30109,Wibaux,1017,889.265
30,30111,Yellowstone,147972,2633.294
31,31001,Adams,31364,563.272
31,31003,Antelope,6685,857.218
31,31005,Arthur,460,715.355
31,31007,Banner,690,746.114
31,31009,Blaine,478,710.874
31,31011,Boone,5505,686.554
31,31013,BoxButte,11308,1075.293
31,31015,Boyd,2099,539.94
31,31017,Brown,3145,1221.333
31,31019,Buffalo,46102,968.112
31,31021,Burt,6858,491.581
31,31023,Butler,8395,584.907
31,31025,Cass,25241,557.446
31,31027,Cedar,8852,740.312
31,31029,Chase,3966,894.419
31,31031,Cherry,5713,5960.422
31,31033,Cheyenne,9998,1196.287
31,31035,Clay,6542,572.289
31,31037,Colfax,10515,411.66
31,31039,Cuming,9139,570.619
31,31041,Custer,10939,2575.522
31,31043,Dakota,21006,264.255
31,31045,Dawes,9182,1396.464
31,31047,Dawson,24326,1013.096
31,31049,Deuel,1941,439.851
31,31051,Dixon,6000,476.232
31,31053,Dodge,36691,528.706
31,31055,Douglas,517110,328.455
31,31057,Dundy,2008,919.678
31,31059,Fillmore,5890,575.371
31,31061,Franklin,3225,575.816
31,31063,Frontier,2756,974.592
31,31065,Furnas,4959,719.132
31,31067,Gage,22311,851.491
31,31069,Garden,2057,1704.283
31,31071,Garfield,2049,569.79
31,31073,Gosper,2044,458.155
31,31075,Grant,614,776.224
31,31077,Greeley,2538,569.811
31,31079,Hall,58607,546.289
31,31081,Hamilton,9124,542.878
31,31083,Harlan,3423,553.466
31,31085,Hayes,967,713.062
31,31087,Hitchcock,2908,709.943
31,31089,Holt,10435,2412.399
31,31091,Hooker,736,721.121
31,31093,Howard,6274,569.337
31,31095,Jefferson,7547,570.185
31,31097,Johnson,5217,376.051
31,31099,Kearney,6489,516.244
31,31101,Keith,8368,1061.6
31,31103,KeyaPaha,824,773.072
31,31105,Kimball,3821,951.846
31,31107,Knox,8701,1108.35
31,31109,Lancaster,285407,837.548
31,31111,Lincoln,36288,2564.068
31,31113,Logan,763,570.66
31,31115,Loup,632,568.29
31,31117,McPherson,539,858.976
31,31119,Madison,34876,572.743
31,31121,Merrick,7845,484.881
31,31123,Morrill,5042,1423.838
31,31125,Nance,3735,441.633
31,31127,Nemaha,7248,407.382
31,31129,Nuckolls,4500,575.155
31,31131,Otoe,15740,615.631
31,31133,Pawnee,2773,431.075
31,31135,Perkins,2970,883.335
31,31137,Phelps,9188,539.79
31,31139,Pierce,7266,573.249
31,31141,Platte,32237,674.059
31,31143,Polk,5406,438.345
31,31145,RedWillow,11055,716.985
31,31147,Richardson,8363,551.84
31,31149,Rock,1526,1008.318
31,31151,Saline,14200,574.018
31,31153,Sarpy,158840,238.99
31,31155,Saunders,20780,750.234
31,31157,ScottsBluff,36970,739.401
31,31159,Seward,16750,571.428
31,31161,Sheridan,5469,2440.862
31,31163,Sherman,3152,565.828
31,31165,Sioux,1311,2066.74
31,31167,Stanton,6129,427.949
31,31169,Thayer,5228,573.807
31,31171,Thomas,647,713.236
31,31173,Thurston,6940,393.584
31,31175,Valley,4260,568.048
31,31177,Washington,20234,389.958
31,31179,Wayne,9595,442.915
31,31181,Webster,3812,574.913
31,31183,Wheeler,818,575.182
31,31185,York,13665,572.51
32,32001,Churchill,24877,4930.458
32,32003,Clark,1951269,7891.431
32,32005,Douglas,46997,709.719
32,32007,Elko,48818,17169.834
32,32009,Esmeralda,783,3581.876
32,32011,Eureka,1987,4175.684
32,32013,Humboldt,16528,9640.757
32,32015,Lander,5775,5490.105
32,32017,Lincoln,5345,10633.202
32,32019,Lyon,51980,2001.187
32,32021,Mineral,4772,3752.844
32,32023,Nye,43946,18181.924
32,32027,Pershing,6753,6036.563
32,32029,Storey,4010,262.92
32,32031,Washoe,421407,6302.366
32,32033,WhitePine,10030,8875.648
32,32510,CarsonCity,55274,144.662
33,33001,Belknap,60088,400.232
33,33003,Carroll,47818,931.061
33,33005,Cheshire,77117,706.66
33,33007,Coos,33055,1794.685
33,33009,Grafton,89118,1708.749
33,33011,Hillsborough,400721,876.139
33,33013,Merrimack,146445,934.116
33,33015,Rockingham,295223,694.72
33,33017,Strafford,123143,368.975
33,33019,Sullivan,43742,537.313
34,34001,Atlantic,274549,555.704
34,34003,Bergen,905116,233.009
34,34005,Burlington,448734,798.576
34,34007,Camden,513657,221.263
34,34009,CapeMay,97265,251.425
34,34011,Cumberland,156898,483.703
34,34013,Essex,783969,126.212
34,34015,Gloucester,288288,322.005
34,34017,Hudson,634266,46.191
34,34019,Hunterdon,128349,427.819
34,34021,Mercer,366513,224.557
34,34023,Middlesex,809858,308.914
34,34025,Monmouth,630380,468.793
34,34027,Morris,492276,460.177
34,34029,Ocean,576567,628.781
34,34031,Passaic,501226,184.593
34,34033,Salem,66083,331.899
34,34035,Somerset,323444,301.813
34,34037,Sussex,149265,519.014
34,34039,Union,536499,102.855
34,34041,Warren,108692,356.918
35,35001,Bernalillo,662564,1160.828
35,35003,Catron,3725,6923.69
35,35005,Chaves,65645,6065.275
35,35006,Cibola,27213,4539.48
35,35007,Colfax,13750,3758.06
35,35009,Curry,48376,1404.797
35,35011,DeBaca,2022,2322.623
35,35013,DoaAna,209233,3807.511
35,35015,Eddy,53829,4175.726
35,35017,Grant,29514,3961.625
35,35019,Guadalupe,4687,3030.482
35,35021,Harding,695,2125.442
35,35023,Hidalgo,4894,3436.861
35,35025,Lea,64727,4390.932
35,35027,Lincoln,20497,4831.091
35,35028,LosAlamos,17950,109.167
35,35029,Luna,25095,2965.188
35,35031,McKinley,71492,5449.809
35,35033,Mora,4881,1931.274
35,35035,Otero,63797,6613.209
35,35037,Quay,9041,2874.349
35,35039,RioArriba,40246,5860.837
35,35041,Roosevelt,19846,2447.431
35,35043,Sandoval,131561,3710.65
35,35045,SanJuan,130044,5513.067
35,35047,SanMiguel,29393,4715.821
35,35049,SantaFe,144170,1909.414
35,35051,Sierra,11988,4178.956
35,35053,Socorro,17866,6646.679
35,35055,Taos,32937,2203.11
35,35057,Torrance,16383,3344.845
35,35059,Union,4549,3823.744
35,35061,Valencia,76569,1066.175
36,36001,Albany,304204,522.804
36,36003,Allegany,48946,1029.308
36,36005,Bronx,1385108,42.096
36,36007,Broome,200600,705.766
36,36009,Cattaraugus,80317,1308.35
36,36011,Cayuga,80026,691.582
36,36013,Chautauqua,134905,1060.226
36,36015,Chemung,88830,407.352
36,36017,Chenango,50477,893.548
36,36019,Clinton,82128,1037.852
36,36021,Columbia,63096,634.705
36,36023,Cortland,49336,498.76
36,36025,Delaware,47980,1442.44
36,36027,Dutchess,297488,795.63
36,36029,Erie,919040,1042.693
36,36031,Essex,39370,1794.228
36,36033,Franklin,51599,1629.119
36,36035,Fulton,55531,495.469
36,36037,Genesee,60079,492.936
36,36039,Greene,49221,647.161
36,36041,Hamilton,4836,1717.373
36,36043,Herkimer,64519,1411.47
36,36045,Jefferson,116229,1268.59
36,36047,Kings,2504700,70.816
36,36049,Lewis,27087,1274.679
36,36051,Livingston,65393,631.763
36,36053,Madison,73442,654.842
36,36055,Monroe,744344,657.205
36,36057,Montgomery,50219,403.043
36,36059,Nassau,1339532,284.716
36,36061,NewYork,1585873,22.829
36,36063,Niagara,216469,522.359
36,36065,Oneida,234878,1212.429
36,36067,Onondaga,467026,778.39
36,36069,Ontario,107931,644.065
36,36071,Orange,372813,811.686
36,36073,Orleans,42883,391.259
36,36075,Oswego,122109,951.65
36,36077,Otsego,62259,1001.7
36,36079,Putnam,99710,230.312
36,36081,Queens,2230722,108.532
36,36083,Rensselaer,159429,652.431
36,36085,Richmond,468730,58.37
36,36087,Rockland,311687,173.55
36,36089,StLawrence,111944,2680.377
36,36091,Saratoga,219607,809.984
36,36093,Schenectady,154727,204.516
36,36095,Schoharie,32749,621.819
36,36097,Schuyler,18343,328.333
36,36099,Seneca,35251,323.705
36,36101,Steuben,98990,1390.559
36,36103,Suffolk,1493350,912.051
36,36105,Sullivan,77547,968.132
36,36107,Tioga,51125,518.602
36,36109,Tompkins,101564,474.649
36,36111,Ulster,182493,1124.235
36,36113,Warren,65707,866.952
36,36115,Washington,63216,831.184
36,36117,Wayne,93772,603.826
36,36119,Westchester,949113,430.497
36,36121,Wyoming,42155,592.746
36,36123,Yates,25348,338.143
37,37001,Alamance,151131,423.943
37,37003,Alexander,37198,259.994
37,37005,Alleghany,11155,235.059
37,37007,Anson,26948,531.452
37,37009,Ashe,27281,426.135
37,37011,Avery,17797,247.087
37,37013,Beaufort,47759,827.192
37,37015,Bertie,21282,699.27
37,37017,Bladen,35190,874.328
37,37019,Brunswick,107431,846.973
37,37021,Buncombe,238318,656.672
37,37023,Burke,90912,507.099
37,37025,Cabarrus,178011,361.749
37,37027,Caldwell,83029,471.566
37,37029,Camden,9980,240.556
37,37031,Carteret,66469,506.251
37,37033,Caswell,23719,424.922
37,37035,Catawba,154358,398.721
37,37037,Chatham,63505,682.185
37,37039,Cherokee,27444,455.426
37,37041,Chowan,14793,172.473
37,37043,Clay,10587,214.751
37,37045,Cleveland,98078,464.252
37,37047,Columbus,58098,937.293
37,37049,Craven,103505,708.958
37,37051,Cumberland,319431,652.315
37,37053,Currituck,23547,261.852
37,37055,Dare,33920,383.42
37,37057,Davidson,162878,552.675
37,37059,Davie,41240,264.105
37,37061,Duplin,58505,816.219
37,37063,Durham,267587,285.975
37,37065,Edgecombe,56552,505.336
37,37067,Forsyth,350670,408.148
37,37069,Franklin,60619,491.682
37,37071,Gaston,206086,356.027
37,37073,Gates,12197,340.445
37,37075,Graham,8861,292.079
37,37077,Granville,59916,531.57
37,37079,Greene,21362,265.928
37,37081,Guilford,488406,645.704
37,37083,Halifax,54691,724.086
37,37085,Harnett,114678,594.987
37,37087,Haywood,59036,553.692
37,37089,Henderson,106740,373.068
37,37091,Hertford,24669,353.06
37,37093,Hoke,46952,390.744
37,37095,Hyde,5810,612.7
37,37097,Iredell,159437,573.833
37,37099,Jackson,40271,490.755
37,37101,Johnston,168878,791.299
37,37103,Jones,10153,470.708
37,37105,Lee,57866,254.959
37,37107,Lenoir,59495,400.591
37,37109,Lincoln,78265,297.938
37,37111,McDowell,44996,440.608
37,37113,Macon,33922,515.558
37,37115,Madison,20764,449.57
37,37117,Martin,24505,461.217
37,37119,Mecklenburg,919628,523.842
37,37121,Mitchell,15579,221.425
37,37123,Montgomery,27798,491.76
37,37125,Moore,88247,697.843
37,37127,Nash,95840,540.407
37,37129,NewHanover,202667,191.534
37,37131,Northampton,22099,536.589
37,37133,Onslow,177772,762.744
37,37135,Orange,133801,397.958
37,37137,Pamlico,13144,336.537
37,37139,Pasquotank,40661,226.88
37,37141,Pender,52217,869.795
37,37143,Perquimans,13453,247.089
37,37145,Person,39464,392.322
37,37147,Pitt,168148,651.975
37,37149,Polk,20510,237.789
37,37151,Randolph,141752,782.517
37,37153,Richmond,46639,473.821
37,37155,Robeson,134168,949.221
37,37157,Rockingham,93643,565.551
37,37159,Rowan,138428,511.374
37,37161,Rutherford,67810,564.151
37,37163,Sampson,63431,944.74
37,37165,Scotland,36157,318.845
37,37167,Stanly,60585,395.086
37,37169,Stokes,47401,448.857
37,37171,Surry,73673,532.166
37,37173,Swain,13981,527.996
37,37175,Transylvania,33090,378.528
37,37177,Tyrrell,4407,389.035
37,37179,Union,201292,631.52
37,37181,Vance,45422,253.517
37,37183,Wake,900993,835.219
37,37185,Warren,20972,428.456
37,37187,Washington,13228,348.135
37,37189,Watauga,51079,312.556
37,37191,Wayne,122623,553.087
37,37193,Wilkes,69340,754.278
37,37195,Wilson,81234,368.174
37,37197,Yadkin,38406,334.829
37,37199,Yancey,17818,312.597
38,38001,Adams,2343,987.619
38,38003,Barnes,11066,1491.554
38,38005,Benson,6660,1388.708
38,38007,Billings,783,1148.853
38,38009,Bottineau,6429,1668.421
38,38011,Bowman,3151,1161.807
38,38013,Burke,1968,1103.568
38,38015,Burleigh,81308,1632.653
38,38017,Cass,149778,1764.937
38,38019,Cavalier,3993,1488.751
38,38021,Dickey,5289,1131.47
38,38023,Divide,2071,1260.786
38,38025,Dunn,3536,2008.46
38,38027,Eddy,2385,630.171
38,38029,Emmons,3550,1510.435
38,38031,Foster,3343,635.453
38,38033,GoldenValley,1680,1000.786
38,38035,GrandForks,66861,1436.376
38,38037,Grant,2394,1659.139
38,38039,Griggs,2420,708.815
38,38041,Hettinger,2477,1132.221
38,38043,Kidder,2435,1351.189
38,38045,LaMoure,4139,1145.943
38,38047,Logan,1990,992.818
38,38049,McHenry,5395,1873.954
38,38051,McIntosh,2809,974.733
38,38053,McKenzie,6360,2760.323
38,38055,McLean,8962,2110.876
38,38057,Mercer,8424,1042.957
38,38059,Morton,27471,1926.27
38,38061,Mountrail,7673,1825.298
38,38063,Nelson,3126,981.775
38,38065,Oliver,1846,722.511
38,38067,Pembina,7413,1118.694
38,38069,Pierce,4357,1018.6
38,38071,Ramsey,11451,1186.854
38,38073,Ransom,5457,862.357
38,38075,Renville,2470,877.053
38,38077,Richland,16321,1435.779
38,38079,Rolette,13937,903.079
38,38081,Sargent,3829,858.513
38,38083,Sheridan,1321,972.379
38,38085,Sioux,4153,1094.094
38,38087,Slope,727,1214.922
38,38089,Stark,24199,1334.735
38,38091,Steele,1975,712.215
38,38093,Stutsman,21100,2221.724
38,38095,Towner,2246,1024.561
38,38097,Traill,8121,861.949
38,38099,Walsh,11119,1281.931
38,38101,Ward,61675,2013.279
38,38103,Wells,4207,1271.047
38,38105,Williams,22398,2077.401
39,39001,Adams,28550,583.867
39,39003,Allen,106331,402.496
39,39005,Ashland,53139,422.95
39,39007,Ashtabula,101497,701.931
39,39009,Athens,64757,503.598
39,39011,Auglaize,45949,401.386
39,39013,Belmont,70400,532.129
39,39015,Brown,44846,490.016
39,39017,Butler,368130,467.056
39,39019,Carroll,28836,394.609
39,39021,Champaign,40097,428.669
39,39023,Clark,138333,397.473
39,39025,Clermont,197363,452.1
39,39027,Clinton,42040,408.684
39,39029,Columbiana,107841,531.893
39,39031,Coshocton,36901,563.913
39,39033,Crawford,43784,401.786
39,39035,Cuyahoga,1280122,457.191
39,39037,Darke,52959,598.1
39,39039,Defiance,39037,411.46
39,39041,Delaware,174214,443.098
39,39043,Erie,77079,251.558
39,39045,Fairfield,146156,504.411
39,39047,Fayette,29030,406.357
39,39049,Franklin,1163414,532.188
39,39051,Fulton,42698,405.443
39,39053,Gallia,30934,466.53
39,39055,Geauga,93389,400.164
39,39057,Greene,161573,413.729
39,39059,Guernsey,40087,522.254
39,39061,Hamilton,802374,405.91
39,39063,Hancock,74782,531.358
39,39065,Hardin,32058,470.405
39,39067,Harrison,15864,402.339
39,39069,Henry,28215,416.01
39,39071,Highland,43589,553.084
39,39073,Hocking,29380,421.323
39,39075,Holmes,42366,422.533
39,39077,Huron,59626,491.495
39,39079,Jackson,33225,420.304
39,39081,Jefferson,69709,408.329
39,39083,Knox,60921,525.494
39,39085,Lake,230041,227.493
39,39087,Lawrence,62450,453.371
39,39089,Licking,166492,682.5
39,39091,Logan,45858,458.429
39,39093,Lorain,301356,491.101
39,39095,Lucas,441815,340.855
39,39097,Madison,43435,465.875
39,39099,Mahoning,238823,411.623
39,39101,Marion,66501,403.757
39,39103,Medina,172332,421.358
39,39105,Meigs,23770,430.098
39,39107,Mercer,40814,462.449
39,39109,Miami,102506,406.58
39,39111,Monroe,14642,455.721
39,39113,Montgomery,535153,461.553
39,39115,Morgan,15054,416.423
39,39117,Morrow,34827,406.079
39,39119,Muskingum,86074,664.579
39,39121,Noble,14645,398.012
39,39123,Ottawa,41428,254.917
39,39125,Paulding,19614,416.438
39,39127,Perry,36058,407.971
39,39129,Pickaway,55698,501.32
39,39131,Pike,28709,440.282
39,39133,Portage,161419,487.381
39,39135,Preble,42270,424.12
39,39137,Putnam,34499,482.522
39,39139,Richland,124475,495.269
39,39141,Ross,78064,689.188
39,39143,Sandusky,60944,408.453
39,39145,Scioto,79499,610.213
39,39147,Seneca,56745,551.017
39,39149,Shelby,49423,407.675
39,39151,Stark,375586,575.271
39,39153,Summit,541781,412.748
39,39155,Trumbull,210312,618.297
39,39157,Tuscarawas,92582,567.636
39,39159,Union,52300,431.73
39,39161,VanWert,28744,409.158
39,39163,Vinton,13435,412.36
39,39165,Warren,212693,401.314
39,39167,Washington,61778,631.972
39,39169,Wayne,114520,554.929
39,39171,Williams,37642,420.965
39,39173,Wood,125488,617.205
39,39175,Wyandot,22615,406.865
40,40001,Adair,22683,573.477
40,40003,Alfalfa,5642,866.455
40,40005,Atoka,14182,975.517
40,40007,Beaver,5636,1814.672
40,40009,Beckham,22119,901.805
40,40011,Blaine,11943,928.424
40,40013,Bryan,42416,904.471
40,40015,Caddo,29600,1278.289
40,40017,Canadian,115541,896.626
40,40019,Carter,47557,822.175
40,40021,Cherokee,46987,749.408
40,40023,Choctaw,15205,770.357
40,40025,Cimarron,2475,1834.738
40,40027,Cleveland,255755,538.766
40,40029,Coal,5925,516.682
40,40031,Comanche,124098,1069.287
40,40033,Cotton,6193,632.654
40,40035,Craig,15029,761.354
40,40037,Creek,69967,950.141
40,40039,Custer,27469,988.817
40,40041,Delaware,41487,738.177
40,40043,Dewey,4810,999.476
40,40045,Ellis,4151,1231.515
40,40047,Garfield,60580,1058.466
40,40049,Garvin,27576,802.121
40,40051,Grady,52431,1100.497
40,40053,Grant,4527,1000.871
40,40055,Greer,6239,639.324
40,40057,Harmon,2922,537.194
40,40059,Harper,3685,1039.017
40,40061,Haskell,12769,576.521
40,40063,Hughes,14003,804.647
40,40065,Jackson,26446,802.651
40,40067,Jefferson,6472,758.832
40,40069,Johnston,10957,642.94
40,40071,Kay,46562,919.729
40,40073,Kingfisher,15034,898.161
40,40075,Kiowa,9446,1015.226
40,40077,Latimer,11154,722.08
40,40079,LeFlore,50384,1589.214
40,40081,Lincoln,34273,952.314
40,40083,Logan,41848,743.834
40,40085,Love,9423,513.995
40,40087,McClain,34506,570.701
40,40089,McCurtain,33151,1850.005
40,40091,McIntosh,20252,618.496
40,40093,Major,7527,954.988
40,40095,Marshall,15840,371.08
40,40097,Mayes,41259,655.386
40,40099,Murray,13488,416.458
40,40101,Muskogee,70990,810.45
40,40103,Noble,11561,731.895
40,40105,Nowata,10536,565.777
40,40107,Okfuskee,12191,618.567
40,40109,Oklahoma,718633,708.819
40,40111,Okmulgee,40069,697.349
40,40113,Osage,47472,2246.358
40,40115,Ottawa,31848,470.821
40,40117,Pawnee,16577,567.955
40,40119,Payne,77350,684.703
40,40121,Pittsburg,45837,1305.462
40,40123,Pontotoc,37492,720.435
40,40125,Pottawatomie,69442,787.672
40,40127,Pushmataha,11572,1395.836
40,40129,RogerMills,3647,1141.136
40,40131,Rogers,86905,675.632
40,40133,Seminole,25482,632.837
40,40135,Sequoyah,42391,673.271
40,40137,Stephens,45048,870.244
40,40139,Texas,20640,2041.261
40,40141,Tillman,7992,871.134
40,40143,Tulsa,603403,570.246
40,40145,Wagoner,73085,561.555
40,40147,Washington,50976,415.454
40,40149,Washita,11629,1003.167
40,40151,Woods,8878,1286.454
40,40153,Woodward,20081,1242.399
41,41001,Baker,16134,3068.357
41,41003,Benton,85579,675.941
41,41005,Clackamas,375992,1870.322
41,41007,Clatsop,37039,829.049
41,41009,Columbia,49351,657.357
41,41011,Coos,63043,1596.173
41,41013,Crook,20978,2979.086
41,41015,Curry,22364,1627.46
41,41017,Deschutes,157733,3018.186
41,41019,Douglas,107667,5036.075
41,41021,Gilliam,1871,1204.809
41,41023,Grant,7445,4528.541
41,41025,Harney,7422,10133.17
41,41027,HoodRiver,22346,521.949
41,41029,Jackson,203206,2783.548
41,41031,Jefferson,21720,1780.785
41,41033,Josephine,82713,1639.668
41,41035,Klamath,66380,5941.052
41,41037,Lake,7895,8138.984
41,41039,Lane,351715,4553.119
41,41041,Lincoln,46034,979.765
41,41043,Linn,116672,2290.129
41,41045,Malheur,31313,9887.532
41,41047,Marion,315335,1182.326
41,41049,Morrow,11173,2031.609
41,41051,Multnomah,735334,431.297
41,41053,Polk,75403,740.787
41,41055,Sherman,1765,823.694
41,41057,Tillamook,25250,1102.58
41,41059,Umatilla,75889,3215.509
41,41061,Union,25748,2036.606
41,41063,Wallowa,7008,3146.189
41,41065,Wasco,25213,2381.519
41,41067,Washington,529710,724.23
41,41069,Wheeler,1441,1714.749
41,41071,Yamhill,99193,715.86
42,42001,Adams,101407,518.668
42,42003,Allegheny,1223348,730.075
42,42005,Armstrong,68941,653.203
42,42007,Beaver,170539,434.712
42,42009,Bedford,49762,1012.296
42,42011,Berks,411442,856.506
42,42013,Blair,127089,525.8
42,42015,Bradford,62622,1147.399
42,42017,Bucks,625249,604.307
42,42019,Butler,183862,788.604
42,42021,Cambria,143679,688.351
42,42023,Cameron,5085,396.231
42,42025,Carbon,65249,381.46
42,42027,Centre,153990,1109.921
42,42029,Chester,498886,750.508
42,42031,Clarion,39988,600.834
42,42033,Clearfield,81642,1144.722
42,42035,Clinton,39238,887.984
42,42037,Columbia,67295,483.108
42,42039,Crawford,88765,1012.298
42,42041,Cumberland,235406,545.459
42,42043,Dauphin,268100,525.047
42,42045,Delaware,558979,183.843
42,42047,Elk,31946,827.358
42,42049,Erie,280566,799.154
42,42051,Fayette,136606,790.339
42,42053,Forest,7716,427.185
42,42055,Franklin,149618,772.224
42,42057,Fulton,14845,437.551
42,42059,Greene,38686,575.949
42,42061,Huntingdon,45913,874.639
42,42063,Indiana,88880,827.03
42,42065,Jefferson,45200,652.429
42,42067,Juniata,24636,391.35
42,42069,Lackawanna,214437,459.078
42,42071,Lancaster,519445,943.81
42,42073,Lawrence,91108,358.175
42,42075,Lebanon,133568,361.833
42,42077,Lehigh,349497,345.166
42,42079,Luzerne,320918,890.333
42,42081,Lycoming,116111,1228.594
42,42083,McKean,43450,979.197
42,42085,Mercer,116638,672.575
42,42087,Mifflin,46682,411.031
42,42089,Monroe,169842,608.286
42,42091,Montgomery,799874,483.04
42,42093,Montour,18267,130.242
42,42095,Northampton,297735,369.671
42,42097,Northumberland,94528,458.368
42,42099,Perry,45969,551.445
42,42101,Philadelphia,1526006,134.101
42,42103,Pike,57369,544.961
42,42105,Potter,17457,1081.323
42,42107,Schuylkill,148289,778.634
42,42109,Snyder,39702,328.705
42,42111,Somerset,77742,1074.374
42,42113,Sullivan,6428,449.94
42,42115,Susquehanna,43356,823.435
42,42117,Tioga,41981,1133.788
42,42119,Union,44947,315.982
42,42121,Venango,54984,674.284
42,42123,Warren,41815,884.135
42,42125,Washington,207820,856.989
42,42127,Wayne,52822,725.604
42,42129,Westmoreland,365169,1027.554
42,42131,Wyoming,28276,397.324
42,42133,York,434972,904.181
44,44001,Bristol,49875,24.164
44,44003,Kent,166158,168.528
44,44005,Newport,82888,102.386
44,44007,Providence,626667,409.502
44,44009,Washington,126979,329.235
45,45001,Abbeville,25417,490.484
45,45003,Aiken,160099,1071.034
45,45005,Allendale,10419,408.09
45,45007,Anderson,187126,715.426
45,45009,Bamberg,15987,393.37
45,45011,Barnwell,22621,548.393
45,45013,Beaufort,162233,576.28
45,45015,Berkeley,177843,1098.857
45,45017,Calhoun,15175,381.151
45,45019,Charleston,350209,916.089
45,45021,Cherokee,55342,392.659
45,45023,Chester,33140,580.657
45,45025,Chesterfield,46734,799.075
45,45027,Clarendon,34971,606.936
45,45029,Colleton,38892,1056.491
45,45031,Darlington,68681,561.153
45,45033,Dillon,32062,404.872
45,45035,Dorchester,136555,573.233
45,45037,Edgefield,26985,500.406
45,45039,Fairfield,23956,686.277
45,45041,Florence,136885,799.964
45,45043,Georgetown,60158,813.547
45,45045,Greenville,451225,785.12
45,45047,Greenwood,69661,454.726
45,45049,Hampton,21090,559.896
45,45051,Horry,269291,1133.896
45,45053,Jasper,24777,655.318
45,45055,Kershaw,61697,726.562
45,45057,Lancaster,76652,549.16
45,45059,Laurens,66537,713.804
45,45061,Lee,19220,410.184
45,45063,Lexington,262391,698.913
45,45065,McCormick,10233,359.13
45,45067,Marion,33062,489.227
45,45069,Marlboro,28933,479.674
45,45071,Newberry,37508,630.037
45,45073,Oconee,74273,626.334
45,45075,Orangeburg,92501,1106.101
45,45077,Pickens,119224,496.407
45,45079,Richland,384504,757.068
45,45081,Saluda,19875,452.778
45,45083,Spartanburg,284307,807.926
45,45085,Sumter,107456,665.066
45,45087,Union,28961,514.171
45,45089,Williamsburg,34423,934.159
45,45091,York,226073,680.595
46,46003,Aurora,2710,708.425
46,46005,Beadle,17398,1258.71
46,46007,Bennett,3431,1184.709
46,46009,BonHomme,7070,563.701
46,46011,Brookings,31965,792.206
46,46013,Brown,36531,1712.981
46,46015,Brule,5255,817.24
46,46017,Buffalo,1912,471.384
46,46019,Butte,10110,2249.899
46,46021,Campbell,1466,733.677
46,46023,CharlesMix,9129,1097.487
46,46025,Clark,3691,957.604
46,46027,Clay,13864,412.185
46,46029,Codington,27227,688.495
46,46031,Corson,4050,2469.692
46,46033,Custer,8216,1557.002
46,46035,Davison,19504,435.555
46,46037,Day,5710,1027.868
46,46039,Deuel,4364,622.686
46,46041,Dewey,5301,2302.494
46,46043,Douglas,3002,431.802
46,46045,Edmunds,4071,1125.956
46,46047,FallRiver,7094,1739.915
46,46049,Faulk,2364,981.75
46,46051,Grant,7356,681.458
46,46053,Gregory,4271,1014.957
46,46055,Haakon,1937,1810.534
46,46057,Hamlin,5903,507.231
46,46059,Hand,3431,1436.613
46,46061,Hanson,3331,434.513
46,46063,Harding,1255,2671.375
46,46065,Hughes,17022,741.56
46,46067,Hutchinson,7343,812.904
46,46069,Hyde,1420,860.524
46,46071,Jackson,3031,1863.914
46,46073,Jerauld,2071,526.233
46,46075,Jones,1006,969.678
46,46077,Kingsbury,5148,832.236
46,46079,Lake,11200,563.277
46,46081,Lawrence,24097,800.035
46,46083,Lincoln,44828,577.279
46,46085,Lyman,3755,1641.936
46,46087,McCook,5618,574.204
46,46089,McPherson,2459,1136.644
46,46091,Marshall,4656,838.066
46,46093,Meade,25434,3470.984
46,46095,Mellette,2048,1307.306
46,46097,Miner,2389,570.311
46,46099,Minnehaha,169468,807.147
46,46101,Moody,6486,519.386
46,46103,Pennington,100948,2776.553
46,46105,Perkins,2982,2870.478
46,46107,Potter,2329,861.14
46,46109,Roberts,10149,1101.041
46,46111,Sanborn,2355,569.321
46,46113,Shannon,13586,2093.898
46,46115,Spink,6415,1503.925
46,46117,Stanley,2966,1444.432
46,46119,Sully,1373,1006.817
46,46121,Todd,9612,1388.556
46,46123,Tripp,5644,1612.446
46,46125,Turner,8347,617.057
46,46127,Union,14399,460.542
46,46129,Walworth,5438,708.63
46,46135,Yankton,22438,521.164
46,46137,Ziebach,2801,1961.272
47,47001,Anderson,75129,337.162
47,47003,Bedford,45058,473.635
47,47005,Benton,16489,394.142
47,47007,Bledsoe,12876,406.425
47,47009,Blount,123010,558.706
47,47011,Bradley,98963,328.762
47,47013,Campbell,40716,480.191
47,47015,Cannon,13801,265.635
47,47017,Carroll,28522,599.252
47,47019,Carter,57424,341.203
47,47021,Cheatham,39105,302.437
47,47023,Chester,17131,285.736
47,47025,Claiborne,32213,434.58
47,47027,Clay,7861,236.536
47,47029,Cocke,35662,434.565
47,47031,Coffee,52796,428.957
47,47033,Crockett,14586,265.535
47,47035,Cumberland,56053,681.025
47,47037,Davidson,626681,504.033
47,47039,Decatur,11757,333.845
47,47041,DeKalb,18723,304.347
47,47043,Dickson,49666,489.896
47,47045,Dyer,38335,512.327
47,47047,Fayette,38413,704.786
47,47049,Fentress,17959,498.612
47,47051,Franklin,41052,554.542
47,47053,Gibson,49683,602.742
47,47055,Giles,29485,610.927
47,47057,Grainger,22657,280.6
47,47059,Greene,68831,622.165
47,47061,Grundy,13703,360.534
47,47063,Hamblen,62544,161.179
47,47065,Hamilton,336463,542.431
47,47067,Hancock,6819,222.34
47,47069,Hardeman,27253,667.768
47,47071,Hardin,26026,577.318
47,47073,Hawkins,56833,486.975
47,47075,Haywood,18787,533.112
47,47077,Henderson,27769,520.073
47,47079,Henry,32330,562.096
47,47081,Hickman,24690,612.499
47,47083,Houston,8426,200.286
47,47085,Humphreys,18538,530.98
47,47087,Jackson,11638,308.32
47,47089,Jefferson,51407,274.078
47,47091,Johnson,18244,298.475
47,47093,Knox,432226,508.215
47,47095,Lake,7832,165.784
47,47097,Lauderdale,27815,471.992
47,47099,Lawrence,41869,617.128
47,47101,Lewis,12161,282.089
47,47103,Lincoln,33361,570.338
47,47105,Loudon,48556,229.216
47,47107,McMinn,52266,430.125
47,47109,McNairy,26075,562.86
47,47111,Macon,22248,307.144
47,47113,Madison,98294,557.117
47,47115,Marion,28237,498.16
47,47117,Marshall,30617,375.46
47,47119,Maury,80956,613.138
47,47121,Meigs,11753,195.122
47,47123,Monroe,44519,635.565
47,47125,Montgomery,172331,539.177
47,47127,Moore,6362,129.223
47,47129,Morgan,21987,522.18
47,47131,Obion,31807,544.728
47,47133,Overton,22083,433.483
47,47135,Perry,7915,414.731
47,47137,Pickett,5077,162.979
47,47139,Polk,16825,434.676
47,47141,Putnam,72321,401.103
47,47143,Rhea,31809,315.377
47,47145,Roane,54181,360.708
47,47147,Robertson,66283,476.287
47,47149,Rutherford,262604,619.364
47,47151,Scott,22228,532.297
47,47153,Sequatchie,14112,265.858
47,47155,Sevier,89889,592.5
47,47157,Shelby,927644,763.174
47,47159,Smith,19166,314.289
47,47161,Stewart,13324,459.33
47,47163,Sullivan,156823,413.363
47,47165,Sumner,160645,529.449
47,47167,Tipton,61081,458.366
47,47169,Trousdale,7870,114.193
47,47171,Unicoi,18313,186.165
47,47173,Union,19109,223.549
47,47175,VanBuren,5548,273.415
47,47177,Warren,39839,432.68
47,47179,Washington,122979,326.465
47,47181,Wayne,17021,734.1
47,47183,Weakley,35021,580.364
47,47185,White,25841,376.673
47,47187,Williamson,183182,582.599
47,47189,Wilson,113993,570.826
48,48001,Anderson,58458,1062.602
48,48003,Andrews,14786,1500.713
48,48005,Angelina,86771,797.778
48,48007,Aransas,23158,252.074
48,48009,Archer,9054,903.11
48,48011,Armstrong,1901,909.109
48,48013,Atascosa,44911,1219.544
48,48015,Austin,28417,646.508
48,48017,Bailey,7165,826.797
48,48019,Bandera,20485,790.961
48,48021,Bastrop,74171,888.15
48,48023,Baylor,3726,867.482
48,48025,Bee,31861,880.239
48,48027,Bell,310235,1051.016
48,48029,Bexar,1714773,1239.82
48,48031,Blanco,10497,709.251
48,48033,Borden,641,897.443
48,48035,Bosque,18212,982.978
48,48037,Bowie,92565,885.006
48,48039,Brazoria,313166,1357.701
48,48041,Brazos,194851,585.445
48,48043,Brewster,9232,6183.733
48,48045,Briscoe,1637,900.001
48,48047,Brooks,7223,943.364
48,48049,Brown,38106,944.433
48,48051,Burleson,17187,659.026
48,48053,Burnet,42750,994.258
48,48055,Caldwell,38066,545.257
48,48057,Calhoun,21381,506.84
48,48059,Callahan,13544,899.372
48,48061,Cameron,406220,890.922
48,48063,Camp,12401,195.826
48,48065,Carson,6182,920.22
48,48067,Cass,30464,936.963
48,48069,Castro,8062,894.434
48,48071,Chambers,35096,597.137
48,48073,Cherokee,50845,1052.913
48,48075,Childress,7041,696.405
48,48077,Clay,10752,1088.721
48,48079,Cochran,3127,775.15
48,48081,Coke,3320,911.47
48,48083,Coleman,8895,1261.946
48,48085,Collin,782341,841.225
48,48087,Collingsworth,3057,918.441
48,48089,Colorado,20874,960.274
48,48091,Comal,108472,559.476
48,48093,Comanche,13974,937.754
48,48095,Concho,4087,983.799
48,48097,Cooke,38437,874.759
48,48099,Coryell,75388,1052.066
48,48101,Cottle,1505,900.563
48,48103,Crane,4375,785.069
48,48105,Crockett,3719,2807.327
48,48107,Crosby,6059,900.198
48,48109,Culberson,2398,3812.798
48,48111,Dallam,6703,1503.259
48,48113,Dallas,2368139,871.279
48,48115,Dawson,13833,900.306
48,48117,DeafSmith,19372,1496.868
48,48119,Delta,5231,256.825
48,48121,Denton,662614,878.432
48,48123,DeWitt,20097,908.975
48,48125,Dickens,2444,901.724
48,48127,Dimmit,9996,1328.884
48,48129,Donley,3677,926.886
48,48131,Duval,11782,1793.481
48,48133,Eastland,18583,926.491
48,48135,Ector,137130,897.687
48,48137,Edwards,2002,2117.858
48,48139,Ellis,149610,935.487
48,48141,ElPaso,800647,1012.693
48,48143,Erath,37890,1083.071
48,48145,Falls,17866,765.483
48,48147,Fannin,33915,890.837
48,48149,Fayette,24554,950.008
48,48151,Fisher,3974,898.941
48,48153,Floyd,6446,992.143
48,48155,Foard,1336,704.397
48,48157,FortBend,585375,861.481
48,48159,Franklin,10605,284.391
48,48161,Freestone,19816,877.739
48,48163,Frio,17217,1133.5
48,48165,Gaines,17526,1502.375
48,48167,Galveston,291309,378.358
48,48169,Garza,6461,893.412
48,48171,Gillespie,24837,1058.214
48,48173,Glasscock,1226,900.218
48,48175,Goliad,7210,852.014
48,48177,Gonzales,19807,1066.688
48,48179,Gray,22535,925.974
48,48181,Grayson,120877,932.804
48,48183,Gregg,121730,273.303
48,48185,Grimes,26604,787.459
48,48187,Guadalupe,131533,711.3
48,48189,Hale,36273,1004.683
48,48191,Hall,3353,883.492
48,48193,Hamilton,8517,835.914
48,48195,Hansford,5613,919.81
48,48197,Hardeman,4139,695.114
48,48199,Hardin,54635,890.567
48,48201,Harris,4092459,1703.478
48,48203,Harrison,65631,899.951
48,48205,Hartley,6062,1462.033
48,48207,Haskell,5899,903.131
48,48209,Hays,157107,677.978
48,48211,Hemphill,3807,906.286
48,48213,Henderson,78532,873.748
48,48215,Hidalgo,774769,1570.865
48,48217,Hill,35089,958.864
48,48219,Hockley,22935,908.392
48,48221,Hood,51182,420.641
48,48223,Hopkins,35161,767.174
48,48225,Houston,23732,1230.909
48,48227,Howard,35012,900.791
48,48229,Hudspeth,3476,4570.983
48,48231,Hunt,86129,840.318
48,48233,Hutchinson,22150,887.419
48,48235,Irion,1599,1051.563
48,48237,Jack,9044,910.662
48,48239,Jackson,14075,829.435
48,48241,Jasper,35710,938.845
48,48243,JeffDavis,2342,2264.555
48,48245,Jefferson,252273,876.295
48,48247,JimHogg,5300,1136.138
48,48249,JimWells,40838,864.966
48,48251,Johnson,150934,724.692
48,48253,Jones,20202,928.554
48,48255,Karnes,14824,747.556
48,48257,Kaufman,103350,780.699
48,48259,Kendall,33410,662.453
48,48261,Kenedy,416,1458.329
48,48263,Kent,808,902.507
48,48265,Kerr,49625,1103.318
48,48267,Kimble,4607,1250.987
48,48269,King,286,910.872
48,48271,Kinney,3598,1360.055
48,48273,Kleberg,32061,881.308
48,48275,Knox,3719,850.621
48,48277,Lamar,49793,907.19
48,48279,Lamb,13977,1016.181
48,48281,Lampasas,19677,712.84
48,48283,LaSalle,6886,1486.691
48,48285,Lavaca,19263,969.708
48,48287,Lee,16612,629.016
48,48289,Leon,16801,1073.151
48,48291,Liberty,75643,1158.417
48,48293,Limestone,23384,905.288
48,48295,Lipscomb,3302,932.179
48,48297,LiveOak,11531,1039.696
48,48299,Llano,19301,934.034
48,48301,Loving,82,668.925
48,48303,Lubbock,278831,895.599
48,48305,Lynn,5915,891.867
48,48307,McCulloch,8283,1065.598
48,48309,McLennan,234906,1037.101
48,48311,McMullen,707,1139.426
48,48313,Madison,13664,466.065
48,48315,Marion,10546,380.88
48,48317,Martin,4799,914.944
48,48319,Mason,4012,928.803
48,48321,Matagorda,36702,1100.276
48,48323,Maverick,54258,1279.258
48,48325,Medina,46006,1325.356
48,48327,Menard,2242,902.03
48,48329,Midland,136872,900.299
48,48331,Milam,24757,1016.93
48,48333,Mills,4936,748.261
48,48335,Mitchell,9403,911.09
48,48337,Montague,19719,930.906
48,48339,Montgomery,455746,1041.735
48,48341,Moore,21904,899.691
48,48343,Morris,12934,251.985
48,48345,Motley,1210,989.562
48,48347,Nacogdoches,64524,946.537
48,48349,Navarro,47735,1009.627
48,48351,Newton,14445,933.677
48,48353,Nolan,15216,911.997
48,48355,Nueces,340223,838.482
48,48357,Ochiltree,10223,917.627
48,48359,Oldham,2052,1500.533
48,48361,Orange,81837,333.669
48,48363,PaloPinto,28111,951.791
48,48365,Panola,23796,801.749
48,48367,Parker,116927,903.478
48,48369,Parmer,10269,880.778
48,48371,Pecos,15507,4763.847
48,48373,Polk,45413,1057.093
48,48375,Potter,121073,908.37
48,48377,Presidio,7818,3855.237
48,48379,Rains,10914,229.452
48,48381,Randall,120725,911.544
48,48383,Reagan,3367,1175.301
48,48385,Real,3309,699.195
48,48387,RedRiver,12860,1036.578
48,48389,Reeves,13783,2635.375
48,48391,Refugio,7383,770.444
48,48393,Roberts,929,924.058
48,48395,Robertson,16622,855.683
48,48397,Rockwall,78337,127.036
48,48399,Runnels,10501,1050.945
48,48401,Rusk,53330,924.027
48,48403,Sabine,10834,491.39
48,48405,SanAugustine,8865,530.657
48,48407,SanJacinto,26384,569.243
48,48409,SanPatricio,64804,693.451
48,48411,SanSaba,6131,1135.297
48,48413,Schleicher,3461,1310.63
48,48415,Scurry,16921,905.444
48,48417,Shackelford,3378,914.286
48,48419,Shelby,25448,795.583
48,48421,Sherman,3034,923.035
48,48423,Smith,209714,921.454
48,48425,Somervell,8490,186.463
48,48427,Starr,60968,1223.179
48,48429,Stephens,9630,896.719
48,48431,Sterling,1143,923.451
48,48433,Stonewall,1490,916.313
48,48435,Sutton,4128,1453.926
48,48437,Swisher,7854,890.159
48,48439,Tarrant,1809034,863.608
48,48441,Taylor,131506,915.552
48,48443,Terrell,984,2358.026
48,48445,Terry,12651,888.839
48,48447,Throckmorton,1641,912.552
48,48449,Titus,32334,406.054
48,48451,TomGreen,110224,1521.972
48,48453,Travis,1024266,990.202
48,48455,Trinity,14585,693.608
48,48457,Tyler,21766,924.501
48,48459,Upshur,39309,582.947
48,48461,Upton,3355,1241.324
48,48463,Uvalde,26405,1551.946
48,48465,ValVerde,48879,3144.75
48,48467,VanZandt,52579,842.557
48,48469,Victoria,86793,882.143
48,48471,Walker,67861,784.169
48,48473,Waller,43205,513.43
48,48475,Ward,10658,835.602
48,48477,Washington,33718,603.954
48,48479,Webb,250304,3361.482
48,48481,Wharton,41280,1086.15
48,48483,Wheeler,5410,914.523
48,48485,Wichita,131500,627.776
48,48487,Wilbarger,13535,970.844
48,48489,Willacy,22134,590.554
48,48491,Williamson,422679,1118.303
48,48493,Wilson,42918,803.733
48,48495,Winkler,7110,841.107
48,48497,Wise,59127,904.422
48,48499,Wood,41964,645.234
48,48501,Yoakum,7879,799.708
48,48503,Young,18550,914.468
48,48505,Zapata,14018,998.412
48,48507,Zavala,11677,1297.406
49,49001,Beaver,6629,2589.88
49,49003,BoxElder,49975,5745.551
49,49005,Cache,112656,1164.813
49,49007,Carbon,21403,1478.493
49,49009,Daggett,1059,696.979
49,49011,Davis,306479,298.778
49,49013,Duchesne,18607,3240.945
49,49015,Emery,10976,4462.314
49,49017,Garfield,5172,5175.121
49,49019,Grand,9225,3671.543
49,49021,Iron,46163,3296.681
49,49023,Juab,10246,3392.278
49,49025,Kane,7125,3990.229
49,49027,Millard,12503,6572.425
49,49029,Morgan,9469,609.196
49,49031,Piute,1556,757.791
49,49033,Rich,2264,1028.775
49,49035,SaltLake,1029655,742.282
49,49037,SanJuan,14746,7819.988
49,49039,Sanpete,27822,1590.152
49,49041,Sevier,20802,1910.577
49,49043,Summit,36324,1871.712
49,49045,Tooele,58218,6941.352
49,49047,Uintah,32588,4479.693
49,49049,Utah,516564,2003.454
49,49051,Wasatch,23530,1175.501
49,49053,Washington,138115,2426.358
49,49055,Wayne,2778,2460.676
49,49057,Weber,231236,576.084
50,50001,Addison,36821,766.325
50,50003,Bennington,37125,674.98
50,50005,Caledonia,31227,648.864
50,50007,Chittenden,156545,536.578
50,50009,Essex,6306,663.598
50,50011,Franklin,47746,633.706
50,50013,GrandIsle,6970,81.811
50,50015,Lamoille,24475,458.797
50,50017,Orange,28936,687.033
50,50019,Orleans,27231,693.268
50,50021,Rutland,61642,929.821
50,50023,Washington,59534,687.233
50,50025,Windham,44513,785.305
50,50027,Windsor,56670,969.337
51,51001,Accomack,33164,449.496
51,51003,Albemarle,98970,720.698
51,51005,Alleghany,16250,445.457
51,51007,Amelia,12690,355.269
51,51009,Amherst,32353,473.934
51,51011,Appomattox,14973,333.494
51,51013,Arlington,207627,25.974
51,51015,Augusta,73750,966.999
51,51017,Bath,4731,529.158
51,51019,Bedford,68676,753.021
51,51021,Bland,6824,357.725
51,51023,Botetourt,33148,541.202
51,51025,Brunswick,17434,566.173
51,51027,Buchanan,24098,502.763
51,51029,Buckingham,17146,579.657
51,51031,Campbell,54842,503.867
51,51033,Caroline,28545,527.513
51,51035,Carroll,30042,474.69
51,51036,CharlesCity,7256,182.817
51,51037,Charlotte,12586,475.271
51,51041,Chesterfield,316236,423.297
51,51043,Clarke,14034,176.177
51,51045,Craig,5190,329.534
51,51047,Culpeper,46689,379.234
51,51049,Cumberland,10052,297.461
51,51051,Dickenson,15903,330.532
51,51053,Dinwiddie,28001,503.716
51,51057,Essex,11151,257.123
51,51059,Fairfax,1081726,390.969
51,51061,Fauquier,65203,647.449
51,51063,Floyd,15279,380.42
51,51065,Fluvanna,25691,286.005
51,51067,Franklin,56159,690.426
51,51069,Frederick,78305,413.496
51,51071,Giles,17286,355.781
51,51073,Gloucester,36858,217.807
51,51075,Goochland,21717,281.415
51,51077,Grayson,15533,442.175
51,51079,Greene,18403,156.246
51,51081,Greensville,12243,295.226
51,51083,Halifax,36241,817.839
51,51085,Hanover,99863,468.536
51,51087,Henrico,306935,233.697
51,51089,Henry,54151,382.334
51,51091,Highland,2321,415.156
51,51093,IsleofWight,35270,315.612
51,51095,JamesCity,67009,142.437
51,51097,KingandQueen,6945,315.138
51,51099,KingGeorge,23584,179.636
51,51101,KingWilliam,15935,273.941
51,51103,Lancaster,11391,133.25
51,51105,Lee,25587,435.518
51,51107,Loudoun,312311,515.561
51,51109,Louisa,33153,496.3
51,51111,Lunenburg,12914,431.683
51,51113,Madison,13308,320.683
51,51115,Mathews,8978,85.929
51,51117,Mecklenburg,32727,625.485
51,51119,Middlesex,10959,130.306
51,51121,Montgomery,94392,387.014
51,51125,Nelson,15020,470.856
51,51127,NewKent,18429,209.729
51,51131,Northampton,12389,211.612
51,51133,Northumberland,12330,191.295
51,51135,Nottoway,15853,314.392
51,51137,Orange,33481,340.783
51,51139,Page,24042,310.856
51,51141,Patrick,18490,483.096
51,51143,Pittsylvania,63506,968.941
51,51145,Powhatan,28046,260.221
51,51147,PrinceEdward,23368,349.96
51,51149,PrinceGeorge,35725,265.155
51,51153,PrinceWilliam,402002,336.402
51,51155,Pulaski,34872,319.858
51,51157,Rappahannock,7373,266.227
51,51159,Richmond,9254,191.492
51,51161,Roanoke,92376,250.518
51,51163,Rockbridge,22307,597.558
51,51165,Rockingham,76314,849.086
51,51167,Russell,28897,473.822
51,51169,Scott,23177,535.53
51,51171,Shenandoah,41993,508.776
51,51173,Smyth,32208,450.928
51,51175,Southampton,18570,599.145
51,51177,Spotsylvania,122397,401.496
51,51179,Stafford,128961,268.956
51,51181,Surry,7058,278.949
51,51183,Sussex,12087,490.22
51,51185,Tazewell,45078,518.846
51,51187,Warren,37575,213.465
51,51191,Washington,54876,560.975
51,51193,Westmoreland,17454,229.375
51,51195,Wise,41452,403.189
51,51197,Wythe,29235,461.824
51,51199,York,65464,104.78
51,51510,Alexandria,139966,15.027
51,51515,Bedford,6222,6.878
51,51520,Bristol,17835,13.013
51,51530,BuenaVista,6650,6.704
51,51540,Charlottesville,43475,10.238
51,51550,Chesapeake,222209,340.8
51,51570,ColonialHeights,17411,7.52
51,51580,Covington,5961,5.468
51,51590,Danville,43055,42.934
51,51595,Emporia,5927,6.894
51,51600,Fairfax,22565,6.239
51,51610,FallsChurch,12332,1.999
51,51620,Franklin,8582,8.206
51,51630,Fredericksburg,24286,10.44
51,51640,Galax,7042,8.24
51,51650,Hampton,137436,51.413
51,51660,Harrisonburg,48914,17.418
51,51670,Hopewell,22591,10.278
51,51678,Lexington,7042,2.497
51,51680,Lynchburg,75568,49.128
51,51683,Manassas,37821,9.881
51,51685,ManassasPark,14273,2.534
51,51690,Martinsville,13821,10.956
51,51700,NewportNews,180719,68.714
51,51710,Norfolk,242803,54.12
51,51720,Norton,3958,7.481
51,51730,Petersburg,32420,22.932
51,51735,Poquoson,12150,15.317
51,51740,Portsmouth,95535,33.653
51,51750,Radford,16408,9.872
51,51760,Richmond,204214,59.805
51,51770,Roanoke,97032,42.562
51,51775,Salem,24802,14.437
51,51790,Staunton,23746,19.975
51,51800,Suffolk,84585,400.168
51,51810,VirginiaBeach,437994,249.016
51,51820,Waynesboro,21006,15.039
51,51830,Williamsburg,14068,9.022
51,51840,Winchester,26203,9.233
53,53001,Adams,18728,1924.978
53,53003,Asotin,21623,636.213
53,53005,Benton,175177,1700.379
53,53007,Chelan,72453,2920.525
53,53009,Clallam,71404,1738.329
53,53011,Clark,425363,629.004
53,53013,Columbia,4078,868.629
53,53015,Cowlitz,102410,1140.125
53,53017,Douglas,38431,1819.264
53,53019,Ferry,7551,2203.159
53,53021,Franklin,78163,1242.171
53,53023,Garfield,2266,710.686
53,53025,Grant,89120,2679.513
53,53027,GraysHarbor,72797,1902.027
53,53029,Island,78506,208.449
53,53031,Jefferson,29872,1803.7
53,53033,King,1931249,2115.566
53,53035,Kitsap,251133,394.941
53,53037,Kittitas,40915,2297.271
53,53039,Klickitat,20318,1871.313
53,53041,Lewis,75455,2402.802
53,53043,Lincoln,10570,2310.494
53,53045,Mason,60699,959.417
53,53047,Okanogan,41120,5267.978
53,53049,Pacific,20920,932.658
53,53051,PendOreille,13001,1399.989
53,53053,Pierce,795225,1669.508
53,53055,SanJuan,15769,173.915
53,53057,Skagit,116901,1731.203
53,53059,Skamania,11066,1655.677
53,53061,Snohomish,713335,2087.273
53,53063,Spokane,471221,1763.791
53,53065,Stevens,43531,2477.765
53,53067,Thurston,252264,721.961
53,53069,Wahkiakum,3978,263.375
53,53071,WallaWalla,58781,1270.129
53,53073,Whatcom,201140,2106.857
53,53075,Whitman,44776,2159.09
53,53077,Yakima,243231,4295.396
54,54001,Barbour,16589,341.059
54,54003,Berkeley,104169,321.142
54,54005,Boone,24629,501.543
54,54007,Braxton,14523,510.812
54,54009,Brooke,24069,89.205
54,54011,Cabell,96319,281.018
54,54013,Calhoun,7627,279.249
54,54015,Clay,9386,341.902
54,54017,Doddridge,8202,319.72
54,54019,Fayette,46039,661.55
54,54021,Gilmer,8693,338.503
54,54023,Grant,11937,477.373
54,54025,Greenbrier,35480,1019.569
54,54027,Hampshire,23964,640.249
54,54029,Hancock,30676,82.609
54,54031,Hardy,14025,582.312
54,54033,Harrison,69099,416.008
54,54035,Jackson,29211,464.348
54,54037,Jefferson,53498,209.635
54,54039,Kanawha,193063,901.587
54,54041,Lewis,16372,384.895
54,54043,Lincoln,21720,437.039
54,54045,Logan,36743,453.737
54,54047,McDowell,22113,533.456
54,54049,Marion,56418,308.735
54,54051,Marshall,33107,305.431
54,54053,Mason,27324,430.748
54,54055,Mercer,62264,418.993
54,54057,Mineral,28212,327.83
54,54059,Mingo,26839,423.109
54,54061,Monongalia,96189,360.062
54,54063,Monroe,13502,472.752
54,54065,Morgan,17541,229.073
54,54067,Nicholas,26233,646.824
54,54069,Ohio,44443,105.82
54,54071,Pendleton,7695,696.049
54,54073,Pleasants,7605,130.103
54,54075,Pocahontas,8719,940.284
54,54077,Preston,33520,648.805
54,54079,Putnam,55486,345.669
54,54081,Raleigh,78859,605.351
54,54083,Randolph,29405,1039.681
54,54085,Ritchie,10449,451.991
54,54087,Roane,14926,483.563
54,54089,Summers,13927,360.46
54,54091,Taylor,16895,172.771
54,54093,Tucker,7141,418.922
54,54095,Tyler,9208,256.294
54,54097,Upshur,24254,354.638
54,54099,Wayne,42481,505.981
54,54101,Webster,9154,553.468
54,54103,Wetzel,16583,358.063
54,54105,Wirt,5717,232.509
54,54107,Wood,86956,366.26
54,54109,Wyoming,23796,499.453
55,55001,Adams,20875,645.646
55,55003,Ashland,16157,1045.035
55,55005,Barron,45870,862.711
55,55007,Bayfield,15014,1477.863
55,55009,Brown,248007,529.708
55,55011,Buffalo,13587,671.635
55,55013,Burnett,15457,821.848
55,55015,Calumet,48971,318.236
55,55017,Chippewa,62415,1008.373
55,55019,Clark,34690,1209.815
55,55021,Columbia,56833,765.529
55,55023,Crawford,16644,570.66
55,55025,Dane,488073,1197.239
55,55027,Dodge,88759,875.625
55,55029,Door,27785,481.978
55,55031,Douglas,44159,1304.136
55,55033,Dunn,43857,850.105
55,55035,EauClaire,98736,637.983
55,55037,Florence,4423,488.195
55,55039,FondduLac,101633,719.553
55,55041,Forest,9304,1014.067
55,55043,Grant,51208,1146.849
55,55045,Green,36842,583.957
55,55047,GreenLake,19051,349.437
55,55049,Iowa,23687,762.58
55,55051,Iron,5916,758.174
55,55053,Jackson,20449,987.72
55,55055,Jefferson,83686,556.474
55,55057,Juneau,26664,766.925
55,55059,Kenosha,166426,271.99
55,55061,Kewaunee,20574,342.518
55,55063,LaCrosse,114638,451.686
55,55065,Lafayette,16836,633.588
55,55067,Langlade,19977,870.64
55,55069,Lincoln,28743,878.973
55,55071,Manitowoc,81442,589.082
55,55073,Marathon,134063,1544.983
55,55075,Marinette,41749,1399.347
55,55077,Marquette,15404,455.602
55,55078,Menominee,4232,357.608
55,55079,Milwaukee,947735,241.402
55,55081,Monroe,44673,900.776
55,55083,Oconto,37660,997.988
55,55085,Oneida,35998,1112.97
55,55087,Outagamie,176695,637.523
55,55089,Ozaukee,86395,233.077
55,55091,Pepin,7469,231.983
55,55093,Pierce,41019,573.748
55,55095,Polk,44205,913.962
55,55097,Portage,70019,800.679
55,55099,Price,14159,1254.376
55,55101,Racine,195408,332.501
55,55103,Richland,18021,586.151
55,55105,Rock,160331,718.142
55,55107,Rusk,14755,913.585
55,55109,StCroix,84345,722.329
55,55111,Sauk,61976,830.902
55,55113,Sawyer,16557,1257.305
55,55115,Shawano,41949,893.057
55,55117,Sheboygan,115507,511.265
55,55119,Taylor,20689,974.876
55,55121,Trempealeau,28816,732.965
55,55123,Vernon,29773,791.579
55,55125,Vilas,21430,856.604
55,55127,Walworth,102228,555.127
55,55129,Washburn,15911,797.113
55,55131,Washington,131887,430.703
55,55133,Waukesha,389891,549.574
55,55135,Waupaca,52410,747.713
55,55137,Waushara,24496,626.153
55,55139,Winnebago,166994,434.487
55,55141,Wood,74749,793.116
56,56001,Albany,36299,4273.84
56,56003,BigHorn,11668,3137.097
56,56005,Campbell,46133,4802.709
56,56007,Carbon,15885,7897.578
56,56009,Converse,13833,4254.883
56,56011,Crook,7083,2854.408
56,56013,Fremont,40123,9183.814
56,56015,Goshen,13249,2225.391
56,56017,HotSprings,4812,2004.092
56,56019,Johnson,8569,4154.153
56,56021,Laramie,91738,2685.912
56,56023,Lincoln,18106,4076.129
56,56025,Natrona,75450,5340.352
56,56027,Niobrara,2484,2626.037
56,56029,Park,28205,6942.078
56,56031,Platte,8667,2084.208
56,56033,Sheridan,29116,2523.993
56,56035,Sublette,10247,4886.537
56,56037,Sweetwater,43806,10426.649
56,56039,Teton,21294,3995.379
56,56041,Uinta,21118,2081.264
56,56043,Washakie,8533,2238.549
56,56045,Weston,7208,2398.089
60,60010,EasternDistrict,23639,25.68772944121749
60,60020,ManuaDistrict,1143,22.247591108530234
60,60030,RoseIsland,0,0.03169628585151746
60,60040,SwainsIsland,17,0.9392340813934273
60,60050,WesternDistrict,30720,27.448958450772746
66,66010,Guam,159358,209.86904726971707
69,69085,NorthernIslands,0,61.79291641505675
69,69100,Rota,2527,32.8568089890764
69,69110,Saipan,48220,45.90110340279569
69,69120,Tinian,3136,41.79077509239425
72,72001,Adjuntas,19483,66.69
72,72003,Aguada,41959,30.851
72,72005,Aguadilla,60949,36.529
72,72007,AguasBuenas,28659,30.085
72,72009,Aibonito,25900,31.311
72,72011,Aasco,29261,39.285
72,72013,Arecibo,96440,125.947
72,72015,Arroyo,19575,15.008
72,72017,Barceloneta,24816,18.693
72,72019,Barranquitas,30318,34.253
72,72021,Bayamn,208116,44.324
72,72023,CaboRojo,50917,70.374
72,72025,Caguas,142893,58.597
72,72027,Camuy,35159,46.355
72,72029,Canvanas,47648,32.865
72,72031,Carolina,176762,45.321
72,72033,Catao,28140,4.845
72,72035,Cayey,48119,51.934
72,72037,Ceiba,13631,29.035
72,72039,Ciales,18782,66.529
72,72041,Cidra,43480,36.021
72,72043,Coamo,40512,78.012
72,72045,Comero,20778,28.401
72,72047,Corozal,37142,42.573
72,72049,Culebra,1818,11.624
72,72051,Dorado,38165,23.089
72,72053,Fajardo,36993,29.864
72,72054,Florida,12680,15.209
72,72055,Gunica,19427,37.05
72,72057,Guayama,45362,64.992
72,72059,Guayanilla,21581,42.27
72,72061,Guaynabo,97924,27.579
72,72063,Gurabo,45369,27.887
72,72065,Hatillo,41953,41.781
72,72067,Hormigueros,17250,11.344
72,72069,Humacao,58466,44.755
72,72071,Isabela,45631,55.304
72,72073,Jayuya,16642,44.533
72,72075,JuanaDaz,50747,60.277
72,72077,Juncos,40290,26.489
72,72079,Lajas,25753,59.953
72,72081,Lares,30753,61.45
72,72083,LasMaras,9881,46.36
72,72085,LasPiedras,38675,33.88
72,72087,Loza,30060,19.366
72,72089,Luquillo,20068,25.811
72,72091,Manat,44113,45.128
72,72093,Maricao,6276,36.623
72,72095,Maunabo,12225,21.066
72,72097,Mayagez,89080,77.645
72,72099,Moca,40109,50.344
72,72101,Morovis,32610,38.871
72,72103,Naguabo,26720,51.661
72,72105,Naranjito,30402,27.401
72,72107,Orocovis,23423,63.62
72,72109,Patillas,19277,46.699
72,72111,Peuelas,24282,44.617
72,72113,Ponce,166327,114.762
72,72115,Quebradillas,25919,22.683
72,72117,Rincn,15200,14.288
72,72119,RoGrande,54304,60.623
72,72121,SabanaGrande,25265,35.833
72,72123,Salinas,31078,69.365
72,72125,SanGermn,35527,54.498
72,72127,SanJuan,395326,47.847
72,72129,SanLorenzo,41058,53.108
72,72131,SanSebastin,42430,70.423
72,72133,SantaIsabel,23274,34.023
72,72135,ToaAlta,74066,27.016
72,72137,ToaBaja,89609,23.241
72,72139,TrujilloAlto,74842,20.764
72,72141,Utuado,33149,113.529
72,72143,VegaAlta,39951,27.728
72,72145,VegaBaja,59662,45.856
72,72147,Vieques,9301,50.768
72,72149,Villalba,26073,35.637
72,72151,Yabucoa,37941,55.215
72,72153,Yauco,42043,68.192
78,78010,StCroix,50601,83.34586839784586
78,78020,StJohn,4170,19.68986690285824
78,78030,StThomas,51634,31.31350299692508
